sentence,label
設置当初は匂いのせいか？猫が素通りしてました。 消臭剤を振りかけてしばらくしたら遊んでくれるようになりました。 価格を考えると満足してます。,2
首回りが大きく、余裕があり使いやすいです！,2
段ボールを開梱する事が有りますが職場でもこれを使っています。いいと思います。,4
優れものです！ 我が家の毛だらけの布団やカーペットが綺麗になりました！,4
他の方のレビューにもありましたが、商品説明画像と違い、電源ボタンや音量調節ボタンのところが空いていませんでした。,1
ミニマリストに興味がありこちらの本も読んでみましたが、ミニマリストではなかったです… 主婦の方、片付けが苦手な方、断捨離初心者さん向けですね…ミニマリストに興味がある方は読まなくても良い本でした。,1
お値段が安いので仕方ないのですが、 子供のおもちゃみたいにちょっと着けるのは 恥ずかしい位です,1
歩くたびに揺れるのが嬉しくなります。透けることもなく夏のリゾート旅行に活躍しそうです。,4
ローラーひとつだけが届きました。ローラー受けなしでは使い物になりませんので、返品手続きをしました。,0
冷たい牛乳に溶かして飲んでます。味は比較的飲みやすいと思いますが、粉が溶けづらいのでシェイカーを使うといいと思います。,2
電波はたっているが、見せかけているだけで、使わない時と電波状態は、変わらない。Wi-Fiの状態と同じで、繋がらない所は、そのまま表示は、繋がっているのに。 設定は、簡単でした。,0
とても軽くて、持ち運びしやすく、座席に座りながらの使用にはちょうど良いです。,3
フッ素加工でIH対応でこの価格は安い！と思い購入したんですが・・・外側の緑色の塗装部分が落ちやすいみたいで・・・新居のキッチンに収納したら収納の底部分に緑色の塗料がはがれて付いてしまいました。,1
大容量とソーラーチャージに惹かれ購入。 数回、0からフル充電にして試しました。 2500mAhのスマホを3-4回充電で空になりました。 変換減少を踏まえても10000mAhいかないくらいです。 安価ですが非常に本体が重いためオススメしません。 ソーラーチャージは真夏日にチャージでもどのくらい充電したか 変化を確認できず。,1
ガラス枠の黒部分はシールです。ワイパーがフロントガラスと共に立体表現されており、別部品で取り付けるワイパーではありません。上から貼るシールをワイパー立体に密着させ、楊枝などでキッチリ貼ればワイパー化します。このワイパー表現含め、シール貼りをキッチリ懸命にすれば、値段相応のプリウスになると思います。シール素材は嫌いな自分ですが、綺麗に貼ると気にならないものです。塗装なしでちゃんと模型になってます。,3
この手の娯楽性の高い電装品はあまり期待しない方が吉なので、今回もドライブ時の気分転換程度に買ってみた。それほど高いものでのないので。パッケージを開けてみてジャラジャラして華奢な感じから、早くも耐久性に不安がよぎる。フットライトとしての使用を想定しているのでフロアマットに噛ませる形で四つ全てを運転席に装着。 案の定、配線が余り気味になるがフロアマットの下に無理やり押し込み隠す(笑) 日が暮れるのを待って早速点灯。点灯状態は問題無しだが他の方のレビュー通り、若干暗い。夜間の足元を照らすことは出来なくは無いが、実用性は私には低いと感じました。あくまで雰囲気を楽しむためのお洒落アイテムと割り切り、苦笑いしながら自分を納得させました。 折角愛車に取り付けたので暫くは使用したいと思います。,2
ありがとうございます。機会があったらまたお願いすると思います。,2
ネックパットとしての利用度はありますが、使用時の臭いが若干あり同乗者の評判が悪い,1
バランスボードは問題なく使えます。 空気入れは他の方のレビューの通りで、1回目の空気注入で壊れました。 こんなにすぐ壊れるような空気入れは、付属せずにその分を値引きした方がいいですね。 後に代わりの空気入れを買いました。,1
商品名には8000lm、説明には8000lm*2、詳細には4000lm*2と表記されており、どれが本当の情報なのか判らなかったので試しに購入してみたところ、残念なほうのスペックだった。せめて8000lm*2の表記は削除しておけ馬鹿野郎。 同じような商品が多数出回っているものの、明るさの表記については全くと言って良いほど統一性がなく、やれ左右合計のルーメン値であったり、やれHi/Loの合計をバルブ片側のルーメン値として表記したりと、詐欺まがいの説明が横行しているように見受けられる。,0
購入してよかった とてもシッカリしていて、見た目もいい レビューーを見て決めました,4
手触りがまるで合皮。この価格でこの手触り。ショックです。 中のサクラ色の皮革は手触り良いのに。,1
価格程度です。 コンパクトにたたむことができればと思います,2
届いたときは、あまり匂いが気にならなかったのですが、翌日みなさんのレビューどおり匂いがあり、日に日にきつくなっているような。匂いに敏感な方はダメかも。自分も体調がすぐれないときはダメです。冷蔵庫で冷やしてみようかと思います。,2
ハズレを引いたのか、バッテリーがすぐになくなる為、充電が面倒です。,1
複数の商品を同時に購入したが商品が届かなかった,0
②個セットということで、お得感に負けて購入。しかし、取り付け部が緩く、すぐに外れて無くしてしまう。,1
他の人も書かれているとおり粘土の匂いが凄まじいです。 粘土の匂いが苦ではないと厳しいかも。 乾燥による肌のかゆみとかは軽減したけども、匂いが無理でした。使い切りますがリピートはない感じです。,2
扱いやすく重宝しています。母に贈ったのですが、手元がしっかりしていて楽に研ぐ事が出来るそうです。,4
装着感もよく、いくつかのレビューで懸念されているシリコンの臭いも気になりませんでした。 呼吸は辛い訳ではありませんが、寝てる間はキツいかも…？私はお風呂に入ってから寝るまでの間だけ使っています。 まだ使い始めなので効果はわかりませんが、小鼻の無駄な部分をぎゅっと抑える力を感じているので、期待しています。 ただ鼻を左右から押さえこむ形なので、作用があるのは鼻の中央というよりも小鼻。 団子鼻を気にしている方にはあまり効果がないかもしれません。,3
使用開始から1ヶ月で左の音量がガクッと落ちました。 価格を考慮すると音質はかなりいいのですが、耐久性に難あり。,2
最近目の周りのシワと、乾燥が気になって、こちらを購入しました。初めて試しますけど、予想通りに効きます。こんなにお安くて使用感がよくて気に入っていますね！,4
最初にバーナーとガス缶をセットして点火してみましたが ガスが全く出ませんでした。バーナー側かガス缶側にトラブルが有るのか 全く分からず 相当 悩みました。不良品だと半ばあきらめましたが 日を変えてもう一度セットしてみましたら ちゃんとガスが出てくれました。 気密のガスケットが馴染んでいなかったのか 締め方が足りなかったのか よくわかりませんが ちょっと 使い初めには癖があるみたいですね。 本体の商品の作り自体は いいと思います でも カセット用のアダプターはチョット華奢ですね。,3
チャックがうまく閉まらなくてスマホを見るのに何度も開け閉めは大変でした。 トピークの180mmポンプがぎりぎり入ったのは良かったです！ 小銭を入れるチャック付きのスペースがあればよかったけど小銭は入れやすそうなとこは無かった,2
使用して1回目で壊れた。 最初は普通に使えた。振動もパワフルでかなり良い商品だと思った。 しかし風呂で使ってみた後、水滴をタオルでふき取り自然乾燥を行った後、再度充電。 充電完了後、抜いて使おうとするとボタンが反応しない。ランプがつかない状態に。充電ケーブルを刺すとランプは点灯するのだが。。。ケーブルを抜くと消灯。ボタンを押しても反応なし。 手荒に扱ったわけではなく。良い商品だっただけにどうにかしてほしい。。。,0
いつもワイド200枚入りの1200円の物を使っていたので、吸収が良いものを使ってみようと思ったら、値段も高いうえに枚数も少ないのに、いつものと吸収が変わらなくてビックリした。２度と買わない,0
まず納期が10日は余りにも遅いです。 製品はサイドまでカバーし、サイズ感も装着感は良いものの、ガラスの透明度は低く、指紋も付きやすいので有機ELの能力をブロックします。 前回まではアマゾンで1枚1000円クラスを使用していましたが、それらに比べて明らかに品質が低いと実感する製品です。,1
人によるだろうが私のデビルイヤーにはうるさいレベルだよ。スマホの騒音測定アプリでは平均２９デシベル・・さらに姉妹品の取説が入ってた。 ノートパソコンの底面が熱かったのがちょっとは冷えてる。でも音が・・,1
"ワゴンR 20周年車スマホ連動ナビが壊れ修理に2,3万円掛かると言われたことからナビはスマホでブルートゥース音楽とビデオ それにリアカメラ、ハンドルスイッチが使えるもので購入 取り付けに苦労しましたがすべて望み通り機能し購入して良かったです。送られて来た配線図にリアカメラ接続先が間違っていたので星ひとつ減点です。その他OKです。",3
あんだけ空を自由に飛び回れる技術があるわりに爆撃の精度が低すぎるし、ぴょんぴょん凄まじい脚力で飛び回るのに、綱引きになるといきなり馬一匹に手こずるという笑 人間捕獲するにも、もっとひっそりやるでしょうに... アメリカの人ってこういうのが好きなんかな。,1
皆さまとても評価が高いので、楽しみに届くのを待っていたのですが、いざつけてみると、全く反応無し。PHILIPS製でとても期待していたのですが。ただのお金の無駄でした。。。本当に残念です。,0
中古なのか知らないですが 使用しようとしたら 差し込み不良 イヤホンジャック接触不良 金返してください,0
中古ですが、この状態には満足です。ただ、梱包から出したときに、ほこりや汚れがあったのは残念でした。自力で掃除しました。,3
30過ぎると誰でもお腹が少しは出てくるものです。 体重や見た目は一般的でもぽっこりはあります。 この商品はそのぽっこりを引き締めます（感覚的なお話です） 結果、やや息苦しく窮屈です。 温め効果は生地が薄いので体感的にあまり感じません。 もっとも巻いている以上、していないよりは暖かいはずですが 想像をとても裏切ります。（ホカホカする感じとかはない） スタイリッシュに着こなせるので女性には良いかも・・・ ですがやはり窮屈さはなくならないです。 腰やお腹周りを温めるが重要な腹巻ですからその点に重点を置いた商品が良いかと思います。,2
なかなか近所に売ってるところがないので通販しました,2
肩と背中が凝ってると感じたので自分のプレゼントとして、買いました。自分で好きな部分にピンポイントで指圧できるので、急に肩が凝ってどうしようもないときもすぐに対処できます。足裏からふくらはぎ、太ももへと揉むと、むくみも取れます。,4
１０匹以上保護しています。 最近一部が仲が悪くなり、スプレーもし始めました。 去勢・避妊済みなのに・・・と思いコチラをためしましたが、一部の子には効いてるようですが、残りの子は変わりません。 家人がすごいにおい、というので、猫のいるところ全部にはスプレーできないし・・・根気よく試していこうと思います。,2
一流メーカー”貝印”製なので購入しましたが、パンチング ボールが凹んでいました。 ．．．残念。,2
素早い対応と新品同様で綺麗で驚くほどでした。とても良い商品を安く買えました,3
ケースとしてはしっくりきていい感じだけど、lighteningケーブルのカバーがあるせいでケーブルが差しづらいです。,3
2時間で殺虫ライトだけが点かなくなり何度点けても一瞬（1秒）しか点かず、使えない。期待しただけに残念です。すぐに使用したいのに返品、返金に時間もかかるし気分が悪くなりました。似たやつを購入するか検討中。,0
下の挟む部分を開くのが結構堅いです。 試しに一眼レフを付けてみようとしましたが、 重すぎてダメみたいでした。基本的には軽いカメラだけのようです。 胴体部分可動は結構がっちりしていて軽いカメラなら固定したところからずれるといった事はないと思います。 カメラの下についた丸い部分の調整箇所は使用した感じだと、 固定されたのかされてないのか分からないような感じです。 これも同じく軽いカメラならこのくらいでいいのかもしれません。 総合的に値段も安いので相応といった感じのものです。,2
明るいです。カットはでませんが、フォグの形状の問題かもです。壊れないことを願います。,3
オタクの人の書く沼の深さを読みたかったのですが ゲームの内容がわからないと理解できないですね。,1
3ヶ月で画像のように腕に装着してる時に切れました 僅か数ヶ月でこの有り様では使い物になりませんね,1
郵送の際に曲がって届いてショックすぎる。 本は曲がる可能性があるんだからしっかり と対応してほしい。品切れ続出で再購入するか悩む。800円で買ったのに倍の値段で 売られててぼったくりだと感じる。,0
お風呂上がりに洗面所で使用するために購入しました。弱でも涼しく、強では６月には涼しすぎるくらい充分な風量でした。軽いし、音も静かです。また手軽な大きさで充電して使えるので、車での旅行や、子供の運動会の時に活躍しそうです。良い買い物でした。,4
子供が、一生懸命、ためて、購入してました。,2
私には全く合わなく、違和感がすごかったので使えませんでした…,0
上の子に踏まれないよう購入しました。 音楽も流れ種類も豊富だし思っていたよりしっかりしていているので安心して使えてます しかし振動する機能は思っていたものと違っていたこともあり少し残念です…,3
プレゼント用に購入。 変えカバーも付いていて この値段はお得。 固めがよいという希望通りでこの枕は楽で寝心地もよいと言ってました。 ただ どの程度長持ちするかは 分かりませんが・・・,3
ギターを弾くため肘掛け無しが良いのですが、ちょっと高いイスほど肘掛けがあり、この商品は価格帯、デザインともにちょうど良いです。,4
初iPhoneにクリアを選びました。 iPhoneを購入する前に購入し準備しましたが、装着してみてとても気に入りました。 背面ガラスで珍しいデザインになっていて シンプルで良いなと思いました。,4
純性よりも安くて、ほぼ純正と同じに思える。お勧め商品です。,4
★再生について PS4で再生できました。 PCでも再生できました。 (PCのソフトはPower DVD。なんと私のはVersion 9……！こんな古いversionでも再生できたのですから、皆さんも大丈夫ですよね！ ね？！) どちらも、音声日本語・字幕OFFの設定が簡単にできました。 【注！】別の商品ページで、 「Season 1・2・3・'91」全てのBoxが一つにまとめ売りされている商品があるのですが、そちらのレビューには、フランス語の字幕が消せないと書いてあります。 でも、こちらのバラ売りBoxは字幕OFFできました。 もしかしたら、同じように見えて違う商品なのかもしれません。 ★画質について ぶっちゃけVHSビデオテープをそのままDVDにダビングしたような印象です。 それでもおそらく、クリーニング加工はされていると思われますので、普通の試聴には耐えうるレベルです。(素人がダビングしたら、もっと酷い画質になるはず) 先に購入した「劇場版＋TVスペシャル詰め合わせ」と比べると、全体的にやや絵がボヤけていて、テレビ(55インチ)で観ると拡大されて映るぶん眼が疲れました。 ノートPCだと画面が小さいので観るのが楽でした。 (「劇場版＋TVスペシャル詰め合わせ」の方は、やはり元々の作画が良いというのもあるかも) 最近のハイビジョン4k/8kとか、Blu-ray販売ディスクのアニメしか知らない方にはキツいかもしれません。 私はこれぐらいが当たり前な感じで育ってきた世代なので、懐かしい画質だな～って感覚で観られました。 昭和を知らないお若い皆様！ 80年代後半～90年代前半のアニメは、これぐらいの画質が当たり前でした。この画質での試聴に耐えられなければ、過去作品の良さが解らないという所まで来ていますぞ！！！ (と私は思う) ★総合評価 文句ナシで、☆5です。 何しろこのお値段！ そしてこの収録内容とパッケージ！！ 個人的に、収納ケースが気に入りました。 ディスクを互い違いに重ねることで多くの枚数を収納できるように設計されています。これ考えた人スゴイ！ 残念ながら破損状態で届いたという方もいらっしゃるようですが、私のところはケースもディスクも問題なく届きましたので、本当に大満足・文句ナシです。 懐かしい作品が、まとめて手元に来た……これで何時でも好きな時に好きなだけ観直せるのですから、感動モノです。 本当に感謝感激！ 懐かしのモッコリ再び！ ありがとうございましたぁぁぁ！！！,4
まだ数回しか使用していませんが、値段、機能からすると最高だと思います。,4
旅行に行くので買ってみました。 水は減っていますが、500mlペットボトルが半日も経たずに空になりました。説明書きでは1日200-300mlとあったので2日程度は持つかと思っていただけに残念です。,1
概ね問題なかったが、一番大きい包丁の側面がザラザラすぎて、鞘の内側が削れて削りカスが包丁にこびりつくため、洗ってからじゃないと使えない。キャンプに持っていくつもりだったが、大きいのだけキッチン用にして鞘はゴミ箱行きかな。 でもこの値段でこの内容はアリです。,2
他のレビューに「大きい」というご意見がありますが、その通りだと思います。 私自身は手が大きめなのでピッタリでしたが、手の小さい方（特に女性や子供）には使いにくいかもしれません。 手のサイズが合う方であればトラックボールの操作感や、マウスの傾き調整の使い心地は「もう手放せない」という宣伝文句も納得です。 残念なのがbluetooth接続。設定自体は簡単なのですが、電池不足でなくとも数日に一度は接続が切れ、 そのたびにPC再起動とペアリングからやり直しております。 原因がこのマウスなのかPCなのか不明ですが、本機以外のbluetooth機器ではこういった トラブルが無いので煩わしい。,2
包装部分が壊れてました(プラスチック部分)。中身はちゃんとしてましたが売り物でしょ、商品でしょ。自販機の缶コーヒーだって中身が良ければ、落として潰されたようなベコベコの缶コーヒーを商品として売ってもいいのか⁉って事です。そんなベコベコに傷ついた缶コーヒーが出てきたら物凄く気分が悪くなります!!返品する際に買い手側の手続きが面倒だと泣き寝入りしてしまいます。まさにこのパターンです。こんな事、もう繰り返さないでください！,0
ベルばら誕生四十余年、あの春風ロザリーが亡命先の異国で、初老の女性になるまでが描かれていて感無量でした。ロザリーの心が、全ての始まりだったパリの下町へ戻って行くんですね。コミックを読んで、よもや涙することがあろうとは思いませんでしたが、押しも押されぬ名作の完結編、感動しました。,4
us6.5-D (24.5cm相当)の靴に使用。 全体的なシルエットや木材の香りのよさは◎。 ただサイドスプリット部は相当うまい角度で押さないと閉じない(内部で引っかかる)ので、ワイズの細い靴に入れるのは一苦労することになる。サイドのねじで開き具合を調整しようにも、ねじ穴が浅いのか入っていかない。 幅広の靴に使うには全く問題ないだろうと思う。,2
とにかく使いやすい!! すぐ温まるからすぐ使えるし、コンパクトで持ち運んでも使える。お値段以上でした!!,4
到着後すぐに確認して洗ったので特に問題はありませんでしたが、気付かずに山に持って行って山頂で手がベタベタになったら不愉快極まりないだろうなとは思いますね。金属板は8枚で十分だったのですが、10枚のこちらの方が安価だったので2枚外して使っています。,2
家の台所に入っていて、水が出るのが早くて、おばあちゃんはとても使いやすいと言いました。,4
安いからか分からないけど、パッケージとか写真も現物と違った。機能自体は同じだから使ってたけど使用電池の表記も違ったし、何より新品の電池に変えて3日も保たない。 長持ちの概念壊れるで…3日保てば長いのか…たまげたなぁ…メモ帳買って使った方がまだコスパ良いです。1000円分メモ帳買いましょう、多分1ヶ月以上は使えるはずです。 〜3回電池取り替えて使ったけど正直こんなのなら要らないです。1000円の勉強代って考えて本体はゴミ箱行きです,0
ゲームのスリルを味わいたくて購入しました。届いて使ってみると、思ったいじょうにスリル満点でゲームをすることが出来ました。もう1つ購入して弟と一緒にスリル満点で、ゲーム対戦したいと思います。,4
"Zenfone4に使用して4日目、何度指で押しても四方の縁が3,4ミリ浮いていて、ピタッと密着しない。レンズ用の穴の位置も微妙にずれている。 仕方がないので我慢して使っているけど、よく見ると縁に細かいゴミが着いてきた。2枚入りだったので、もう少し使ってみてゴミが目立つようになってきたら、もう一枚の方に替えてみようと思う。",1
グリセリンフリーとのことで潤うか心配でしたが、上位配合のマカダミアナッツオイルが良いのかな？思ったよりだいぶ保湿してくれます。,3
思ってたのより少し小さめでした。まあ問題なし。 公園デビュー済み^_^,2
今までも同じものを使用してましたので、本当に安心できます。ストラップも付けられるので、凄く便利です、ありがとうございました。,4
生後6ヶ月の娘がお座りをするようになり、よく後ろに倒れていたので購入しました。 うちの娘には少し肩のゴムが短かかったようで、肩からずり落ちていました。今では殆ど背負う事はなくなり、オモチャとして遊んでいます。,2
抜本的に大本が故障していたので、評価できないです。使わずに電気の本体自体変えました。,2
ヤマキならまあ大丈夫かな、と初めて買った商品だったが、やり方通りにやっても色は出るが味が薄い。 ２番ダシという言い方があるが、とても無理。購入時期によって違いがあるのかもしれないが、量が多いのでもう次回購入することはないと思う。 ４分の１ほど使っての再レビュー 最初はちっともダシが出ないと思っていたのだが、今回は良かった。使い始めの部分は削り節の品質が保てなかったということがあるだろうか。期待して残りを使ってみようと思う。,2
最近忘れっぽいのでDHA摂取目的に購入。 様子見たいと思います。,4
DENONに問い合わせて判った時はもうびっくり！スマホとは問題無いが、適合するトランスミッターを購入するしか無さそうだが、それにも不適合が有ると云うので現在問合せ中だが裁定での2000円はする様だ。CDステーションのマニュアルにもヘッドホンの説明にもこんな重要な事が載って無いとは・・もう詐欺だね！ 但し、ヘッドホンに付属の3.5mm接続ケーブルでは良い音が聞けたのでヘッドホンの基本機能と性能はこの値段では満足なものだったので２点です。,1
この商品を使用する前は小便をし終わって椅子に戻るとちょこっと漏らして 白いパンツの股間部分を黄色く汚して家内に文句を言われました これも老化の現象でしょう何しろ【８３才】の年寄ですから ご同輩に進言します その部分を白いまま維持するならは覚悟しましょうーーー 但し「小便」をしたくなったらズボンの上げ下ろしを覚悟しなければなりません。,3
リーフレットのほぼ全ページが写真のように汚損されており、返品しました。,0
見た目は良いのですが、歩く動作は蜘蛛が歩いている様には到底思えないです。ギミックの為歩くという機構が犠牲になっているのはしょうがないのかもしれないですね。ディスプレイ目的なら○です。,1
イマイチ取り付けにくい感じで、不器用な私はプッシュピンを破壊してしまい破棄の憂き目に…バックパネルからネジ止めとかの方がかえって良かったかも？ 取り付け方法やタイミングに一考の余地有り。 物理干渉は特になく、メモリやM.2 SSDなどに干渉する確率は少ないかと思いますが、ヒートシンクとかはギリギリ干渉の可能性有り。マザーボードのレイアウト次第。 取り付け時に手袋必須、ピンがヒートシンクの下側に潜り込む都合で引っ掻いてしまう可能性有り。意外と取り付けにくかった感じです。 ちなみに、プッシュピンを破壊してしまったので…120mmファンはケースに転用。わりと静かに機能しています。,2
商品が届いてさっそく寝てみましたが、高反発が私にはちょうど良いです。 厚さ5センチだとどのようなものかと思いましたが全然大丈夫だと感じました。買って良かったです。,4
チェーンが掃除出来ていいですが、オイルももうちょっと欲しいです。,2
インフルエンザ予防の例のヨーグルト作りのために買いました。あらかじめ牛乳を温めなくても二回ともできました。 インフル予防になるかはあてにしていませんが、ワクチンが足りないので気休めです。腸内環境がよくなると感染症に多少強くなるそうなので。,4
仕事用に購入。期待以上の軽さと履き心地に大満足です。又、派手すぎない色合いも気に入りました。,4
香りは良いのですが、ベタついてしまって髪が束になってしまいます…クシを通すと戻りますが、白い粉が浮き出るためフケみたいに見えるのが嫌です…。,1
女性でも簡単にとりつけることができました^_^車のナビが古いので携帯のグーグルマップを使用していましたが、 手にもったままも危ないし、 スピードメーターのところにたてかけていましたが曲がるときに落っこちたりしていましたが、これのおかげで安全に運転できるようになりました^_^,4
オシャレなトレイを探してましたが、まさにオシャレ！ ただ、サイズが大きかったので今は置場に悩まされてます。,3
80年代テイスト。と思ったら監督ジョー・ダンテとな。 よほど暇な人以外は見なくていいです。,1
気持ち底がもう少し安定していると安心します。 が、とても重宝しています。,2
ライディングシューズの防水が欲しくて、探していたところ、このシューズを見つけました。ワーキングシューズですが、ライディングシューズに劣らぬデザインが気に入っています。 写真はバイクで初めて使用し120Km位走った後の写真です。 左足のつま先部分に擦った痕が付いています。シフトチェンジ時に付いた痕です。これがダメだと思う人はやめた方がいいと思います。(色により若干の違いはあると思います) 履き心地はシューズメーカーだけあってスポーツシューズを履いている感覚です。濡れた路面も滑らないし、シフトチェンジやブレーキングも問題ありません。 バイク専用ではないので擦れキズを気にしない方にオススメです。自分は気にしませんが！,3
1歳2か月の柴犬です。届いてすぐに与えました。最初は喜んでカミカミしていましたが、気が付くと太い方の先から３㎝ほど粉々になっていてあわてて取り上げました。ほんの３０分ほどの耐久性でした。犬が噛むが前提なのに耐久性はこんなもの？？？って感じです。,0
アディダスに見えません その割には高いです,1
買って一ヶ月で壊れました。安いからしょうがないと思いますが残念です,1
どんなもんか気になって使ってみました。 困ったことに全然白くなりません…… コーヒーを沢山飲むため、半年に一度くらい自分で着色を落としていました。ちょうどクリーニングする時期だったので、本商品を使用してみましたが、一向に効果が得られませんでした。 口腔内細菌の事を考えるなら、強力な洗浄剤を毎日使うのは良くないことですし、効果もあまりないのでオススメはしません。,1
発注後3日後に配送されました。包装はきっちりできていました。開封後すぐに充電しました。10分程度で満充電のメロデイが鳴りました。後は使用感と充電の持ちですね。早速使用してみました。初回満充電で15分余りで電池がなくなりました。後は使用できません。6.0Ahなのに電池の持ちが悪いです。このことを販売店に連絡しました。早速に早い対応で、すぐに代替商品をお送りいただきました。保証の心を込めてお送りいただきました。一見した感ではうまく使用できる感じですが、連続使用時間が短い気がします。この先長く愛用できるか楽しみにしたいと思います。,2
元がリベット固定でしたので壊れたタイヤを取り除くのが一番大変でした。電動ドリルを使ってリベットを削り壊して外しました。 元タイヤが22ミリ厚だったので遊びが多いのが やや不安ですが、室内で試してみた分には快適です。,3
セールで安かったので購入しました。 ほどよくすーすーします。すっきりはしますが、さらさらって感じにはなりませんでした。,3
初めて着る毛布を使いました 思いより暖かくて便利です 家にいる時ずっと着てて全然寒くはないです 重さも軽くて気持ち良いです ふわふわで好きです！寝るときも着たままで十分オーケーです 家族の人にも買ってあげたいです,4
子供が産まれたら使用するけど、耐久性が不安です。,2
ケースに多少の凹みはあったけど中身は大丈夫でした。ダンベルに汚れは少しあり、拭いたら気にならないぐらいかな。 値段は安いほうだと思うので満足です。 大きさも大きすぎず、いいぐらいです。 使用してたら気づきましたが止めるやつのゴムが取れやすいです レビューしたらグローブきました,3
オナホが温まりきるまで少し時間がかかるのとすぐに冷めちゃうのが残念だと思った。まぁ気持ちよかったけど,2
すぐ沸騰するので野菜を茹でたり少しの汁物作りにとても便利です。 届いた時からの塗装の剥げはマイナスでしたが使いやすさに関しては満足です。,2
控えめな値段なのであまり期待していませんでしたが、私にとって満足のいく製品でした。 安定感があり、折りたたむことができます。 操作もとても簡単です。 私は明るさだけでなく、色調を変える能力も好きです。 品質は非常によさそうだ、私はこの光をお勧めします。,4
２ヶ月で壊れたわ レビューにもあったが 黒いタバコを刺すあたりの パッキンが溶けます なんで その素材にしたんだろう？ 最終的には 本体から外す上の部分の 磁石がとれて しかも臭かった かなり臭いです 結局アイコス買ったんで はなから 無駄遣いになりました,1
見た目もカッコいいし、軽くて折りたたみもスムーズにできます。 職場に通ってますが、室内にも入れられて便利。,3
価格以上にしっかりした造りと機能、まるで純正品のようでした。,3
前回購入した他社製品の方が値段が少し高かったので安心できるかなと思い 購入したのですが...全然反応せずでこちらを購入させていただいたのですが、 通常通り充電も認識もバッチリでした。 良くある「OSアップデートで認識されなくなる」というトラブルも皆無。 他のレビューにiPadに対応しないという内容があるがこちらは正常に動作 していますが、謎だね！ 画像を読み込み速度がそんなに早くないが、気にならない程度です。,4
2匹分2個購入致しましたが、2個共にクリップ部分が直ぐ外れてしまいます。 効果も今のところ？です。,1
いいね。サイスはちょうど大きくて。履いてふわふわって、さっぱりして気持ちがよいこと。丁寧の包装の仕方。,4
右側のグリップの六角が固くて回らないので固定できず。 他にもキズ等有り、返品予定です。,0
購入使用後約半年で突然死しました。交換等スムーズに済めばそれはそれで評価ですが、商品そのもの評価は低めです。内部のセルがよくわからないメーカなのと、古めのパソコンの物なので仕方のないことなのかもしれません。,1
鰹節と煮干しで出しと取ったときの中間ぐらい。煮干しよりは断然いいです。粉末で出しを取ったあとのゴミがないので便利。,3
デザインがいい音質がいいです！Bluetoothのイヤホンすごく便利です！いい商品と思う！,4
最初だけ手動でペアリングしておけば、後は電源を入れたら自動でペアリングしてくれるのが楽。その他色々機能があり充実してますし、音量もMAXにしたらうるさいくらいの充分な音量。自分はいつもLINE通話用に使ってます。ただ、ふわっちとかのコラボに上がるとペアリングが外れて本体から音が出てしまうので、配信向きではないかと思われます。,4
サバゲーで汗をかくので購入しました。 涼しさはあまり感じませんが、汗止めとしては非常に良いと思います。 吸水性もとてもいいですが、星4の理由としては生地が薄いので僕の大量の汗は容量オーバーのようですｗ,4
ちょいとピンが固めでした。差すのが怖いです。他のプロコンなどのケーブルはスッとささります。 一応さされば、問題無く通信は出来ました(CPM1),2
スカイプで相手から聞く際のマイクの音質が ノイズが混じりこもるようだといわれ残念でした。 聞く分にはいいですが話しをするのには特化してないようです。,0
このタオルは我が家の定番になっていて今回は買い替えで購入しました。評判どおり吸水性がよく、バスタオルとして十分な使い勝手です。,4
物はとても良いです、ただ塗装が必要だったため二点にしました。 素晴らしい形をしていますので、完成品（当然塗装済）でも良いと思いますよ,1
問題なくBluetoothの同期が出来ました。音楽を聴くもイヤホン側、本体側からも問題なく操作出来ました。音質もとてもクリアーに聞こえます。 スイッチの位置、通話ボタンの位置、全てにおいて使い易いです。しかも装着している事を忘れてしまうほど付け心地も良いです。,4
早速開封 箱はしっかりした造りで輸送中でも傷みそうにないが説明書は英語のみでさっぱりわからんしバルブ本体はシルバーの塗装が所々剥げているしさすが激安品 仮に点灯しなくなっていた片側のみ取付てみたが今まで使用してた商品(6500K)よりかなり黄色く感じる(6000K)と書かれているからそこまで変わらないと思っていたから少しショックです｡近いうちにきちんと光軸調整してきちんとカットラインが出ているか確認してレビューします｡,2
4コセットの変換アダプタのうち、90度方向を変換する延長アダプターの精度が悪く他のアタッチメントにつけることができません。2つの突起の間隔が狭いために発生しています。最新改良版と書かれていますが寸法検査などはしていないのでしょう、樹脂金型の修正が必要です。,1
知り合いの高齢者に頼まれて購入。施設の隣の方に音の苦情があったとかで。しかし、音がこもって聞きずらいと言われました。残念。,1
受け取れてない！ 連絡も無い！ 7/6ってなってたのに！ 問い合わせても返事が無い！！！ ムカついて言葉も無い！ 星？ マイナスじゃ！,0
タバコは吸わずコーヒーや食べ物で歯が黄ばんできました。 白くなる というレビューを見て購入しましたが、使用して1週間くらい経ちますが白くなりません。,0
明るくていいんですが チカチカなるので 買い替えようと思っています 正直買わないほうが良かったです,0
腕につけられるバンドを止める部分が一度使用したら、もうとれてバンドを止められなくなってしまいました。,1
ライトに使うにはいい。 運動会では活躍する場面も多かった。,3
PCをMacbookにして、USB-Cしかないので購入しました。接続は、とても簡単でした。これは標準タイプのUSBが、2ポート利用しながら給電可能なので安心です。ポータブルDVDドライブの動作が安定したのは嬉しかったですね。デザインもスッキリとしていて、スタイリッシュでMacbookによく似合います。HDMIポートも付いているので、コスパ最高だと思います。,4
また買うので、皆さんは買わないでください 在庫なくなるので。。,0
200gのに比べる安すぎて不安ですが、今のところ特に問題ないです。,2
一回MacでUSB-Ctypeの方が読み取らないことがあったが、それ以降あまり不具合は見られない。ただ一回読み取らないことがあったせいで、これからも少し不安。変換はあったほうが良いね。,2
価格の割にとてもセット内容が充実していて満足しています。日曜大工やふだんちょっとしたことなら全然事足りますし、持ち運びもしやすくとても便利です。今まで手動のドライバーで対応してきましたが、大物にもなんなく使用できるので助かっています。,4
ハンガー部分はとてもしっかりしており、ツヤも高級感があり満足しています。ただ、石膏ボードへのアンカーが脆くも２つとも取り付け時に砕けてしまって、結局木ネジのみで取り付けることになってしまいました。片側は柱への取り付けのため木ネジのみでしっかり付きましたが、石膏ボード側はややグラグラ…手動のドライバーで無理したのが良くなかったのでしょうか。残念です。,3
ポジションランプとして取付け、1時間ほど点灯使用後、1個がLED1列を残して消灯状態になった。もう1個は正常なので初期不良と思います。製品自体は、とても明るく色もホワイトで気に入っていただけに残念です。,1
アウトドアよく行くので購入しました！ 体重60キロの私が寝ても全然余裕でした！ 固定もしやすく取り付けも簡単にできとても便利です！,4
この数と種類でこの値段はコスパ良すぎです。 色々作って楽しんでみたいです。,4
風量も３段階くらいにかえられます。でも充電とかはできないです。,2
Amazonで服を買うってことがどれだけ危険かわかっていながら、クリスマスデートに必要なため購入しました。 まずサイズなんですが、余裕をもってLを購入しました。（155センチ・55キロ)お尻が大きいのが悩みですが、フレアがしっかりカバーしてくれます。その分ウエストが緩いのは仕方ないかなと思います。なので、食事に行く時など、苦しいのが嫌な方は１つ大きめのサイズでも問題ないかと思います。袖のレース部分は伸縮性があるので、上品に身体のラインを出してくれます。ガバガバになる心配はありません。 1番良かった点は、デザインが上品で優雅な気分にさせてくれることです。普段着ではないからこその醍醐味は充分にあると思います。 ひとつ残念だったのは、やはり作りが甘いってところです。3回目で脱いだとき、後ろのファスナーに続く縫い目が切れてしまいました…。（滑りが悪いので勢いをつけて降ろしました）ファスナーを閉めると分からないし、上にコートを羽織れば見えないので致命的ではなくて良かったです。あと自分で縫い合わせられる範囲なので、星4つにします。,3
開封直後につけてみたが歪んでいた。無理やりつけてみたが1日でネジが吹き飛んだ。 追記 溝にパーツがしっかり嵌っていなかったようでした。開封後からネジとパーツが外れていたのを自分で取り付けたのが原因だと思います。説明書(図解)が入っていればこうはならなかったのでは？と思いました。,2
ズボンは、虫除けとして手軽に使えとても便利です。上着は、初めて着た時にファスナーを閉めようとしたらファスナーが壊れました。またフードがついているので、大きめでないと、窮屈に感じるかもしれません。,1
サイズが全体的に小さいことに加え、足首の部分が非常にタイトです。 故に履くとき引っかかり苦労しますので捨てました,0
父が起業家だったので、そこらへんに大前さんの著書が多数、子供のころから転がってました。 漫画など高校生くらいまでほぼ禁止の家庭だったので、なんか読みたいときは凄くお世話になりました。最新の著書もすぐリビングとかに置いてあったり落ちてたりだったので、ひたすら読んでました。子供心に内容が、自分の常識の外側からガツンとくる内容で凄くワクワクしてたの思い出します。 父が最近引退をし会社も整理しましたが２人して今も読ませて頂いています。 知識や知見のカバーエリアが自分とは違っていたりするので提言は今もとても勉強になっています。なんか大前さんに、親子2 代に渡りお世話になり、お礼が言いたくてレビュー書かせていただきました。 今回もありがとうございました！ とても面白かったです！,4
何年かに一度の消耗品、こちらが安かったので購入。助かりました。,4
他のレビューにもありましたが、同じくすぐに使えなくなりました。今はただ騒音と冷風がすーっと出てるくらいです。たまに思い出したかのように出てますが、微かにでてるだけ。こんなもんなのかな。。。,0
バッファローの外付けHDDが電源が入らず、読めなくなったので購入。 無事HDDよりデータをバックアップすることができました。 一家に1ついるものではないでしょうか。 ケーブルつないで設定なしでの、即みれるのも簡単でおススメです。,4
今月の初めに注文するも未だに届かない・・・・・ 発送中となっていますが、これは海外からの発送（輸送） が時間掛かるのかな？,0
テーブルに刺す部分が短く弛いため、テーブルの移動時にランタンを吊り下げたままでは危ないかと。 そこだけ気をつけて、軽いLEDランタン使用なら問題ない感じです。,2
ふたを開ける時に上部の金具を持って開けないといけないのでいつかリング金具が弱って外れて落ちて失くすのでは？と心配。,1
プラチナチェーンが、細く感じました。もう少しボリュームがあればいいと思います。,1
音質もよく、ノイズもなくて使い心地最高です！しかも、とても安いので相当良いコスパだと思います！高いイヤホンだと数万円することもあるので、この音質でこの値段は素晴らしいです！これからも使っていきたいと思います！！,4
迅速なご対応、ありがとうございます。リーズナブルで、機能的な商品に満足しています。,3
アメリカで昔食べたコムハニーを思い出して購入。毎朝ヨーグルトに乗せて食べた。 値段が他のものと比べて安かったので届くまで不安だったが、実際に食べてみるととても美味しかった。 だが、一人で少しずつ食べたにも関わらず、２週間ほどですっかり無くなってしまった。もう少し安くなるといいなぁ。。。,3
頭蓋骨を圧迫するゴム 作りはザ・中〇製といったちゃっちさ 自分はどうやらゴミを注文してしまったようです 500円ならまだ許せた、という一品でした,0
価格が安かったので選びましたが、大丈夫かと不安でした。 ですがバッチリ問題なく使えています。 お風呂場で、アマゾンプライムを見ながら、 半身浴でダイエットと思い購入。 おかげでかなり快適なお風呂生活を楽しんでいます。 この金額でちゃんとした防水ケースだったので良かったです。,3
記号とかがキーボード表示と実際に画面表示されるものが違うし、何よりｙが反応悪すぎて数回叩かないと反応しない場合がほとんどでそれが凄いストレスです。 ｙ（や、ゆ、よ、りゃ、りゅ、りょ等）や記号を使わないのであれば使いやすいのに残念です。,1
購入から２回目の使用で、リストバンドが損壊しました。 中国製なので、ゴルフ場の名称の日本語訳が不正確なゴルフ場があります。 やはりＧＰＳ感知能力が低い為、プレー中にプレヤーが次のホールへの進行しても ディスプレイが追従しない場合があります。,0
写真ではわからないと思いますが凄く細かい傷が沢山あります。貼るのは成功したのですが後々傷が入っていると気づきました。,2
アプリが英語でした。なので、ペアリングが出来無い状態だから。意味の無い商品です。,0
大きめの物が届くとレビューにあったので 1cm小さいものを買ったら少し小さく、靴擦れを起こした,3
イヤホンにこだわったことがないので音質とかはよくわからないが、この値段だったら十分すぎるくらいだとは思う。,4
使ってみたら軽くて良かった、ちょっと本体が華奢な感じです力を入れると割れそう。そこそこに使えるので便利。,3
純正バッテリーでは、１日持たなかったので、購入しました。 万充電で、概ね１日持ちます。 背面が出っ張り、厚さが出ますが、元々が小さなルーターなので、気になる程ではありません。,3
プラスチック製で使いやすいのですが金属製と比べると軽くて安っぽい感じです。,3
以前は体重90キロだったので耐荷重150キロのゲーミングチェアを使用していた。ところが体重が96キロに増えてしばらくしたとき、ゲーミングチェアの背中部分を倒して寝ていたら、起き上がれなくなってしまった。椅子の芯の溶接部分が剥がれてしまったのである。まだ買ってから1年ちょっと過ぎた頃である。 しかたがないのですぐに耐荷重200キロの本商品を注文した。椅子の部分がゲーミングチェアより広いので太っている評者でも余裕がある。ただ椅子の先端が上を向いているため、しっかり深く座ると、ふんぞり返った姿勢になり、足が浮いてしまう。したがって慎重169センチ、体重96キロの評者には椅子としては安定しているが、パソコン操作や机での事務作業が非常にやりにくい。体重が95キロ以上になると椅子に苦労することを実感した。,2
iphoneXを買ったばかりので ケース探したんですか、ちょっと柔らかめのか好みですね、値段も安いし 赤色を購入しました。,4
効果が 直ぐに わかるものではないので 飲みやすいのと 一粒だけで良いのは いいと思いました。,2
思ってたより大きかったですか とても使いやすそうで 買って良かったです。 丈夫でしっかりしているので 大丈夫そうです ポッケが多いのでたくさん入ります,4
前回ブラックを山用として妻のために購入しました。ですが今は海外出張時にPCや書類等を入れるのに使っています。薄いのにしっかりしていて、収納が多くて便利でした。今回は妻の物を奪ってしまったかたちになったので代わりにオレンジを購入しました。,4
超入門編！ 特に4、5、6の流れが大好きです！ 職場でもかけてみんなで楽しんでおります！,3
違いなんてノーマルと変わらないと思います。 変わっててもわからない部品かも・・・ 評価するならコスパだけかな！,2
有名メーカーだけあって納得の品質と使い勝手です。 安いモノは4000円程度からあるこの手のスーツケースですが 作りがしっかりしており縫製も良く素材も良い。 キャスターも信頼出来るつくりです。,3
毎回、短編で完結するので読みやすく面白かった。,2
確かに効果はあるように感じたが他のレビューにもある通り粘着力が弱いのか完璧に施工したが気泡が出来る。,1
初めての美顔器、価格もお手頃です。使用方法も単純で使いやすく、コンパクトで手も疲れない。,4
以前違うメーカーの商品を購入しましたが、吸ってる途中で、ライトが点滅して一時的に吸えなくなるので、試しに購入して見ました。 今の所点滅して吸えなくなる事はないような気がします。またコスト的にも安く吸った感じもすいごたえがあるように感じます。,3
ジャンパー膝で痛かったので購入 付けてみた感じ、かなり効果を感じる ただし小さい。膝周り33cmだったのでM(36cmまで)を購入したが、ロゴが正面にこない。 使えはするが微妙に気に入らない,2
集音が安定しない。録音し始めはそれなりの音量なのにだんだん小さい音で録音されていく。,1
ステー取り付け部のクッションゴムが最初から貼り付けられていました。以前買った時はバラバラだったので使っているうちにずれてきましたが改善されているようです。足の長さ調整は簡単でいいですね。どんなフレーム色でも合うホワイトがいいです。,4
壊れたからAmazonだと頼んでも交換するくしが早く届いて買って良かった。,1
運動で使用するために購入。 今までは通信が良くなかったり走ったときに耳から落ちたりしてたけど、今回のものは大きいピースがいい感じにフィットします。 容量も多いから1日充電しなくても十分使えて満足です,4
バッテリーは、全部貯めてiPod touch2回分くらい。まあ充分ですが、充電中に光るのはあまりよろしくない機能です。 睡眠中にバッテリーを貯めたい時に明るいきがします。 付属のコードは、きっちりと挿さらないため埃が溜まります。 少し大きいので持ち運びもしずらいです。あまりオススメできません。,1
吐き戻しが多く、タオルも併用しましたがたまに染みてしまってたので、洗い替えのカバーが付いてて良かったです。今のところ、向き癖や頭の形いびつさもないです。薄めの作りなので赤ちゃんでも負担なく使えると思います。,3
付属品が全て揃っていました・音はソニーの良質な響きを感じました。 中古と侮りする気持ちを改めるキッカケになりました。,3
部屋が狭いためロフトベッドを利用しており どうしてもやや薄暗いままでお化粧していました。 結果、どれくらい塗ったかの濃さが分かりづらく外出してぎょっとすることも。 この鏡を購入してから明るい光の中でメイクできるので ナチュラルに仕上げることができお化粧が楽しくなりました。 思った以上に大きいので、その点だけ気になりますが お化粧が好きな方にはぜひ使って欲しいです。,4
リング状の部分は硬めだけど固定具合は悪くはないです。 しかし…竿のシリコンがとにかく硬い。プラスティックに近い感触。 相手の中に入る部分だからもう少し柔らかにして欲しかった… コレ無しで溢れるくらい迄濡れてから挿入しても、「痛い・異物感が凄くて冷める」と言われて奥まで入れる事も出来ず… 色々やってみましたがウチには合いませんでした… 使ったのは一度きりでしたね。,1
読んでる方としては問題なかったのですか、書いてる方がマンネリに耐えられなくなっている節がありますね。 話が新しくないと入り込むギャグのキレも悪くなるし、そもそもこの話はプロポーズが勘違いであるということが出落ちでわかってしまったため、ギャグすら予見できる位置に落ちてしまっており、かなり苦しい回であると言わざるを得ません。 次巻は新展開のようなので、そちらに期待します。今回は閑話休題といった感じ。挿絵も綺麗になってるけどあまり効果的とは言えないと感じました。,1
釣りに行く時の防水機能が欲しかったのでこれから使うのが楽しみです。,2
年賀状の印刷用に購入したが、2年(2回使用)で故障。保証期間は1年で、修理費用は買替え費用以上。 年賀状だけなら外注に出した方がイイですね…。,0
海外の友人へプレゼントとして送ったところ大変喜ばれました。ラッピングも可愛かったのでそのまま渡せて良かったです！,4
個人的に失敗しました。滑り止めにシリコン使用、水膨れするため、使用不可のため購入失敗無駄になりました。,1
値段相応。座り心地が硬くお尻が痛くなる。 組み立て説明書があるが分かりにくく、組み立てにかなり時間を要する。,1
安いのにわりと美味しいのでリピ買いしたところ、今度のは不味い。 スカスカの安コーヒーでした。こんな事ちょくちょくありますね。 もう買わない。,1
大きさが使いやすくて良いですが、表面がザラザラしていて洗う時にトゲが刺さりそうです。 それがなければ☆五つなんだけど。,2
馴染めば柔らかくなるんだろうけど、履き初めはかなり硬いですね。,2
お店と同じ味。とても美味しいです。 ただ、値段が。 あるいは量を増やして欲しい。,3
取扱説明書が英語の記載の為、一体何をすればいいのか判らない。そもそもモードの切り替え自体、何をすればいいのか判らないにでムダ金を使ってしまった感が否めない。ちゃんとした使い方を教わりたい。,0
賞味期限が2018年12月とはビックリしました。こんなに期限が近い食べ物が送られてきたのは初めてです。二度と買いたくありません。,0
使用4か月で発熱して充電しなくなりました。出品者に連絡をしても返信なし。一年保証とのことですが、交換品の修理もできないです。使用回数も10回前後で、使用時間もくらいから極端に短くなりました。商品も出品者も信用できません。,0
3000mAhのスマホ1回充電するだけ(スマホ残り残量63%からの充電)で何故か電池残量メモリ4つ→1つになりました。 明らかに16000mAhありません。おかしいです。 ソーラー充電があるのがほんの少しの救い。,1
HDMI-Microの1.0mスリムタイプを購入。（2本目です） 動画撮影用のジンバルにつけた一眼レフとモニターの接続に使います。細くて軽いのはすごくいいですが、ケーブルの被覆がちょっと固く、ほどいても曲がった形を保ったままになってしまって、風の影響を受けやすいのが残念です。 あと、ジンバルの回転で端子の付け根が常にいろんな向きになるのですが、何度か使用していると曲がりで被覆が太くなってきて寿命はそう長くないように思います。,2
今までの経験からUHFも使えるんじゃないかと思い、市販のSWR計ではありますが試してみました。ダミーロードをつないでSWRを計測しましたがエルボの有無による差は全くありませんでした。また、S41程度のギリギリの局を受信して、エルボの有無を切り替えて確認しましたが、全く差がありませんでした。430MHzより上はわかりませんが、上はもうNコネにすると思います。（写真右側は、ダミーが後に直立しているのでエルボを使っている方です）,4
サイズが大きめでした。 軽さは軽い方だと思います。 ソールが滑りやすいのが問題ですね。,1
使い込めば、 革の持つ味がでてきて なおさら良いものになりそうです！,4
蒸気が出るまで時間がかかる。 衣類に近づけないと蒸気が衣類に届かないが、届くくらい近づけると衣類に水滴がついてしまう。 初めてのスチームアイロンなので他の商品はわからないが、こんなものなのか。,1
価格が他より安いので購入しましたが、届いたのはボコボコの箱に入った誰かの指紋でベトベトの代物。普通はありそうな中袋なんかも無いです。 さらにこちらは元々承知の上で購入しましたが個人輸入品は国内代理店からの25年サポートも受けられず米国のメーカー直でサポートを受ける必要がありますのでいろんな意味で覚悟のない人にはオススメ出来ません,0
すぐに剥がれる事はなく、そこはイイのですが・・・実際にワンちゃんが喜んでいる感じがないので、効果はどうなのかな・・・？,2
犬の粗相をみつけるために買いましたが光量がすくないのか、見つけにくいようです。洗面所周りの水はねなどはわかります。,2
さらっと書かれたセンスのいい絵柄と、思わずちょっと試したくなるレシピたち。何度も読み返したくなるご飯マンガです。,2
使いやすくてお値段以上です！気に入ってます,3
個人的に韓流ブームが嫌いで、今までJ-POPは敬遠していたのですが、 子どもの影響で聴いたところ、曲も声もかわいくてハマってしまいました。 テレビで見る機会が少ないのでDVDは嬉しいです。 メンバーがかわいいし、PVも凝っているので何回見ても飽きません。 曲のMVだけでなくジャケット写真撮影の様子やメイキング映像もたくさんあって見ごたえがありました。 1曲くらいライブ映像が欲しかったので星を4つにしました。 今後はYouTubeに上がっているような番組めいたものもあったらさらに嬉しいですね。,3
旅行に使用しました。疲れすぎずにずっとこの靴で過ごしました。折れ線が付いていてこれが直らないので星２つマイナスです。ちゃんと折れ線つかずに履きたかったです。,2
GPS方位表示機能が全く別の方位を表示するので通常は方位機能は使用していない！ ＷＤＲ機能も故障しているのかいくら設定を変えても後方の車のライトが眩しく逆光もまた眩しくてどうしよもない不良品！！！！！！,0
SNSを使いカウンセリングに着目して、長野県て試験的に2週間の限定での結果を丹念に分析されています。素晴らしい。 学生を教えていると、今の若い人がとなりの人にもLINEを使い使って話しています。 この本で頻回に出てくる非言語性伝達、アイコンタクト、表情、仕草から読み取り読み取られるのが苦手な人が多くなっている。 LINEを始めとするSNSで中高生の自傷自殺をはじめとした悩み怒りの相談も違和感があった。この本を読んでSNSを手段としたカウンセリングの必要性を知った気がする。 是非、皆さんに読んで欲しいのでネタバレはしません。 私感ですが、この本は入門とありますが誰を対象にしているかわかりません。自傷自殺の対策に関心のある一般の方、ある程度心理や医療を知っている初学者向けなのかわかりませんでした。 一般の方に向けて知ってもらうなら、難しい用語、カタカナ英語が散見されます。言い回しも固い感じがします。 初学者や心理関係者なら、いいかも知れませんが心理以外の研究者には耳慣れない言語が散見している気がします。 内容がこれだけ良いのですから、索引や説明を付けて欲しいです。 また吹き出しなど💬を掲載していますが、背景が暗く読まずらいです。色々してわかりやすいしょうとしているのは理解できます。 しかしもう少し明るく読みやすい編集してもらうといいと思います。 内容はこれからこの国を担う若い人の心を支える大事な事を書いている。素晴らしいと思います。 誰のための本で、どう読んでもらうか工夫してもらいたいと願います。 生意気な事を書いたと思います。 しかしこの本が多くの人を助ける一助になると思い投稿してしまいました。,1
届いた時点で折り畳みのグレーの部分に汚れがあり、洗剤で洗っても未だに取れません。食材も扱おうと思っているのでマイナスポイントです。 水漏れについては半日以上放置しても水位が下がりませんでしたので◎です。 折り畳みも特に苦もなく出来ます。 車中泊とキャンプでのシンクとしての利用を考えています。,2
新品のシュガーシロップですので全く問題ありませんが、お酒、カクテル、リキュールあるあるですが、商品ラベルの裏、表の角が剥がれていることがよくあります。1番悪いのは製造元さんでしょーが、製造してから消費者の手元に来るまでに何人の人が見るのかはわかりませんが、もうちょっと気配りをして欲しいと思います。 この位で返品しろと言う人はいないかな？と思います。 市販のスティックのりで貼り直せば終わる話しです。,2
カイロとして使用する場合のカバーも付いていてスイッチを入れるとすぐに温かくなり、外出時にポケットに入れて持ち歩くのにも便利です。 少しずっしりとしますがコンパクトなサイズなので鞄に入れてもかさばらないのはありがたい♪ 非常時のライトとしても使用できるので１つは常備しておきたいなと思いました。 モバイルバッテリーとしては私はAndroidなので端子が合わず別で購入する必要はありますが、１台３役はとても便利だなと思います。,3
かみさんの車用に購入。 まぁ、普段に使うのにも苦ではないらしい。 盗まれない事を祈るのみ。 閉じ込められた時用にハンマーがわりになるのもいいかな。 使わないに越したことはないけれど、いざという時に、あれっ？とならなければいいが,4
５本中２本がダメな感じ。 一枚目 ボンドが出てきて固まったよう 二枚目 凹み、ささくれあり 使えるものは使いますがリピは無し。 嫌な思いしました。,0
ブルーを買いました。思ったより深みのある色です。発光すると明るくなります。（ライトは消せます） 音質は、この値段（一万円を切る価格）と大きさを考えるとコスパは良いです。 Bluetoothは、ウォークマン使用で、簡単に接続でき、通信も安定してます。 星が4つなのは、ACアダプターがついていないこと。,3
香りいいんだけど飲んでも味があるかと言ったらそうでもない… でもジンってそういう物なのかも…（まったくわからん ジュースと割って飲んでますすぐ酔えるんで仕事で疲れた後に飲んですぐ寝てます(笑) 47.5度はいいですねすぐ酔える💦,2
送別会で二時間連続使用500ショットしましたが、E-M1で問題無く同調してました。 オートズームやHSSも大丈夫です。 多少発光しない場面はカメラ側の問題もあるかと思います。 オリンパス、パナソニック用で使える社外ストロボは貴重な商品です。,3
マイクロSD自体は動きましたがアダプターが不良品でした。,0
3通りの使い方が出来るのは良いが、開閉のファスナーがシングルタイプで使い勝手が悪すぎです。頭会わせダブルファスナーにした方が使い勝手がよくなると思います。,2
梱包が最悪です。いくらスポンジと言えども、潰したら痕が残ると思います。 Osmo Actionへ使用したら、レビューを更新します。ちゃんと使えたら良いですが・・・,1
簡易ワックスは昔からこれを使っていて手軽でよく滑る！,4
物自体はおおむね満足。 ただ、納品時に商品の外観に小さな傷あり。 使っていくうちに細かい傷はつくんだろうけど、少しがっかり。,2
使って早々1本、一本断線したみたいです。（結構電流流してましたが、ヒューズは無事です・・） 解体しても、コード本体は通電しており、プラグも大丈夫そうでした。 残るは、ソケット側ですが、こちらは簡単に分解できないので、くさいとだけ思っています。 で、1本使えてます。 流せる電流は、十分（5A以上）流れているみたいです。 電圧の定価も少ないようで、この辺の性能はうたい文句の通りです。,2
ウチで買って廊下に置いてたら友人がこれに乗ってかなりいい感じだというので プレゼントして購入 夫婦でよくのつてるようです,3
MacBook Pro Late 2017にノートPCから取り外したBlu-rayドライブを繋げて使ってます。ちゃんとBlu-rayタイトルも再生出来ますが、何故かiTunesによるCDの読み込みが不可能なのは謎です。,4
可愛い大きさですね、外出は便利でしょう。スマホなどが直接に接続できます。投写画面サイズは120インチ、本当にすごい、150インチもできそう。おすすめですよ！！,4
私の貼り方が間違ったのか、部分的に浮いてる様なパコパコって音がして反応しない場所が出来ます。 特に側面は顕著に反応が悪く感じます。 再購入するか検討中です。,3
大きすぎず小さすぎず、普段使いにちょうど良い大きさだと思います。 小さな小物入れも使い勝手がよく、最背面の縦型ジッパーも左右で使い分けができ、大変重宝しています。,3
なんというか、コンサルが無料セミナーあたりで、持ち時間を満たすためにいろいろ水増しして語る内容を本にしたようなもの。利いた風なことがいっぱい書いてあるが、余計である。 GDPRの全容を知るには、週刊ダイヤモンドの特集のほうが図解がおおくコンパクトで役に立つ。 実務家には日経BPムックのほうがずっと有益。,1
前回、白を購入しました。気に入ってたので黒を買いました。コストパフォーマンスに優れた一品です。,3
パイプ径が太過ぎて握りにくい。ディップスもやりにくい。 商品自体は頑丈です。,1
評価が良かったので購入したが ちょっとタッチしたときの反応が悪いように思われる,1
G-SHOCKはつや消し塗装で満足です。 ただ、電池の持ちがどの状態にあるか 輸入時計なので心配です。いつから、時計が稼動 しているのか分かりません。,2
近所のスーパーで同じ物を持っている人に会いました。やっぱり可愛いなあと思いました。,3
ガラスが曲がってしまっていて右上に空気がはいってしまっている状況です。 見栄えがわるいので他社製品をお勧めします,0
この商品は最近流行っているリレーアタック対策として購入しました。 取り付けは簡単でエンジンルームが余程狭い車で無ければ、容易だと思います。 設置して感度を確かめてみましたが自分的には、まあまあだったので設定はそのままです。 リモコンの操作性では、誤操作しやすいです！構造的にボタンが露出？している様な感じなので先輩レビューを参考に紙やすりでボタンを削ってみました。だいぶ良くなりましたが自分的にはマイナスポイントでした。,2
写真と色が全然違うと思いました。もうちょっとピンクっぽいのを期待してたので…これはオレンジなのでは？って感じです でも時間と歩数がちゃんとわかるのでそれは良かったです。この前に買ったのがバッテリーが全然持たずただ真っ暗な画面になってしまう状態だったので、1日使ってもバッテリーが余裕で持ってるのがとても嬉しいです。,2
香港と中国の深センで使いましたが通信速度にも何も問題なく快適に使えました。もちろんGoogle、LINE、Facebook、インスタも使えました。,4
梱包も商品箱もきれいに届きました。動く揉み玉に感動しました。とても気持ち良いです。,4
少し小さく感じましたがポケットが多く使い勝手は良い,2
滑りにくい素材なので、素手でも安心して使用できる点が良かったです。,4
iPhone8を持ってるのでスイカをアプリ登録して使っていて、iPhoneの背面ガラス処理部分も見えてたら良さそうだなぁと購入 スイカなんかの電子マネーを使うためのアンテナはiPhoneの上部にあるのだけど、この商品は電波がちゃんと届くようにスリットが空いてます。 でも改札抜ける時にしっかり縦置きでタッチしないとエラーが良く出てしまったので不便だなぁと感じで封印しました。 自分の使い方には合いませんでしたが、バンパーを使ってiPhoneを守りたい人には良い製品だとは思います。,1
"純正品と比較します。 価格の差だけに細かい造形が違うのでこちらを下げるような形になりますがこちらも良い商品だと予め明記します。 純正品のループは立体感があり、光の反射が違う。 写真1,2のように明暗の差が美しく出ており一つ一つの粒が際立ち立体感があります。 写真3では純正品はなめらかな反射且つエッジの研磨が丁寧です。こちらの商品は仕上げが少々粗いですが、ここに拘ると価格が上がるのでこれはこれで良いものだと思います。 以上の違いは見た目の違いであり良さの基準は個人差によるものですが、4つ目の写真にあげたものが一番の問題点です。 純正品はサイドの繋ぎ目一つ一つが完全に溶接されており、セーターや非常に細かい毛もほとんど挟みません。（体毛は表面ループに絡まるので濃い人は純正でもこちらでも注意） 一方こちらは溶接が不十分であり糸が絡みます。ファッションによっては影響が出るので注意してください。 またサイドの見た目が純正とこちらでは全く違います。 純正は接合の丁寧さゆえにサイドに光の輪郭が浮かぶようです。 しかしながら純正を所持していなければ見た目の違いなど大抵は気づかない上に、あまりに価格に違いがあるので こちらは選択肢としては非常に良い品の一つだと思います。",3
届かない旨を連絡したら返金処理された。返金でなく商品を届けて欲しいのに。安かろう悪かろうとは思って期待はしていなかったが酷い。,0
希望通りの品でした。 キッチンに使ってますが、透明なので、床が透けて、馴染みが良いです。 滑りにくいですし、ぴたっとしています。,4
作品はアクションと笑いが有り全体的に楽しめました。 ただ吹き替えが本当に最悪（関西弁など）で数分我慢して観ましたが無理でした。 と言うことで字幕で見るとよしです,3
通常の製品が190mlなので、3回分ならその3倍（570ml）、5回分ならその5倍（950ml）…と考えがちですが、そうではありません。パッケージの片隅に「1回分を本体内容量の約8分目と設定」と書かれているように、上記の容量よりかなり少なくなります。190ml ちゃんと入る容器になぜ8分目までしか入れないのか？という説明はどこにもありません。法律上のことはわかりませんが、消費者の立場からするとこれは不当表示に限りなく近いと思います。,0
商品は問題なくとても良かった… しかし購入後に300円も値下がりしている事が残念に思った,2
息子がどうしても欲しいからとねだられて購入。一緒に使ってますが、値段だけのことはありますね。髪がサラサラで気持ちいいです。,3
魚が数匹かかった状態で巻き上げるとほぼ前倒れします。 対策パーツ作るかマイナーチェンジしていただきたいと思います。,3
硬い野菜やお肉も重量と切れ味でしっかりと切れます 。,4
五人の幼い孫がいます。みんなはたらく車好きです。この図鑑の表紙を見て驚きました。この銃口は誰に向けられているのと質問があったらなんて答えようと思いました。でも中も見てみようと求めました。アメリカからたくさん購入（予定）の、欠陥だらけのステルス戦闘機F35も載っていましたよ。この間訓練中の自衛隊の方が墜落されて遺体も発見されないままです。いま集団的自衛権が認められて、改憲もしようとしている時に、やはりこの図鑑は子ども達に見せたくありません。国を守るなら、戦闘機や水陸両用車で守るのではなく、外交の力で、話し合いで守るのよと教えたいです。増刷はしないことになったらしいですが、編集者が政治的な意図や要請があってのことではないと言われています。そうでなかったとしたら、問題意識がなさ過ぎると思います。,0
仕事柄、家具、家電などを毎日運びます。 キャリーラクダを重宝しており、もう一つ買おうとしてこちらの廉価バージョンを見つけました。 本家キャリーラクダと比べ値段は半分ですが、使い勝手も半分です。 ベルトが細いし、金具の留めも甘い。重量物にはベルトが緩むと怖いので使いません。 手で運べるけれど楽をしたい程度の用途にはまあ使えます。 落としたくないものはキャリーラクダ、軽量で落としても大丈夫なものはこちらで運んでいます。 写真左がキャリーラクダ、右がこの商品。半分くらいのサイズで、ベルトも細くて薄いです。,0
＜使用感＞今まで興味はあるが高くて手が出せなかった電動エネマですが、ビックリするくらいお手頃だったので、思わず勢いで購入。 パワーも十分で振動パターンも多彩で飽きがきません。先端部分は柔らかく曲がる様になっているのですが、もう少し固めだったら良かったかも。 この商品の充電用端子部分は端子穴が塞がっている(ように見える)のが正常です。 これは防水を意識した作りですので、その塞がっているように見える穴に充電端子を差し込みます。 まあ、初めて使用するアナル初心者の感想ですので、これから好くなることを期待します。,4
洗いやすいので良かったが、子どもが持ちにくいとのこと。指入れするのに手間取る様子。,2
到着の通知が来ても商品届いておりません。 問い合わせしても返事がありません。,0
取り付ける為の台紙や平行器が付属されているので、重い本体を持たずに穴開け位置や平行度が確認できる点が作業しやすくて良かった。本体がとても重いですが、その分、耐久性があると期待しています。いろんな角度に変えることができる点も良かったです。今のところ安定していて良好ですが、まだ取り付けたばかりなので長期的には様子をみているところなので、評価4にしました。,3
騒音は我慢できるレベルだが 他のレビューに書いてあるほどそこまで静かじゃない 風もそこまで強くもない 同じ値段で少し大きい扇風機買ったほうがいいかも,1
映画はよかったのですが、Blu-rayディスクに問題があり、1番盛り上がるシーンで映像が止まってしまいました。仕方なく続きはDVDでみました。 本当に正規の商品だったのか不安になりました。,0
20枚ぐらいはいい感じのものがありました。あとは使い捨てのアクセントに使っています。 バーベキューの時、みんなのコップに目印に貼るっていうのもありでした。,1
デザイン、遮光性は良いのですが、コンパクトな分とても畳みづらいです。やはりこういうものは一度自分の手に取り、試してみないとダメだと思いました。,2
届いてびっくり、すごく小さくジップロックに入って届きました。そのせいかスマホホルダーのクッション部に他の部品が食い込み、凹みができてました。機能的には問題ないのですが、見かけが。。。 組み立ては問題なくできました。思っていたよりコンパクトです。ただし、スマホホルダー部分はiPhone5次代用で、iPhone8サイズでもキチキチでした。iPhoneプラス系は厳しいと思います。 その他気になったのはホットシュー取付部のネジ部品が不必要に長くて、プラスティック性ということもあり、折れないか不安です。 色々辛口にも書きましたが、使用については問題はないので、値段相当ということでしょうか。スマホホルダーとホットシュー取付部のネジ長が刷新されたら評価はずっと良くなるかと思います。,2
品質保証期間が長くて嬉しいです。 ただ、「使用上・設置上の注意」が記載されている所にバーコードシールが貼ってあり、読むことができません。 剥せるシールではなかったので、残念でなりません。 しかも紙に紙シールなので全く綺麗に剥せることができない。 こういう類の製品に「使用上・設置上の注意」は特に大事だと思うので、こういう貼り方はやめたほうが良いと思います。,1
少し疑問を持ってかなり大きいサイズを注文しました。ちょうどよかったです。サイズの基準はどの企業、アマゾン等でもよく分からないですよね。有名メーカ以外の製品は基本的に小さめに制作されている気がします。まぁ、今回のカッパはこれからの活躍ですよね。新たなうれしいレポートができれることを希望しています。,2
裏について両面テープの接着が弱いので瞬間接着剤必要です。 テレビのチャンネル７番にに反応します、７を押すと点灯します。,2
全体はふんわりとした感じですが、踵部から土踏まずの間が少し痛いです。もっと詳細にカットすれば良いのかもしれませんが時間がかかる。,2
動画を見てからやりました。 こちらの説明書の方が親切でした。 無事にできて作動しましたが、もうやりたくないです。 バッテリーの粘着が強くて参りました。 付いている工具は文句なしです。,4
財布が劣化したので購入。何も入れなくても重く感んじました。かわいいチャームがついていますが重いので外しました。,2
使い勝手いいけど少々寿命来るのが早いかもしれない,1
アイフェイス のデイジーのケースに使用したく、透明のを探していました。粘着力も強くて良い品物です。,4
生地もしっかりしていました 大きなサイズを選んだんで大きすぎましたが 値段から言って満足です,2
うーん、うーん・・・ 味はうまいです。 でも、お湯で温めてから、中身をご飯の上に乗せたときに驚きますね。 理由は、 「あれ？これは具材を混ぜるやつやったかな？？」 それくらいパッケージの写真と違いますよ。 野菜なんて見えません。透明なのかな。 プライムデーの安売りで買いましたが、今どきあまり無い、残念な感じの商品です。,1
31.8mmを注文したが33.8mmが送られてきた。返品手間がかかったので☆1です。,0
色がかわいくて、気持ちが上がります。もちろん性能はサーモなので、満足。５～６個目なんですが、この前に持っていた、細身のタイプが、バッグの収まりがよかったので、ちょっとふくよかで、出し入れに手間取っています。でも、細身のタイプより、保冷、保温機能は持ちがよさそう。とにかく、買い替えるたびに、何かしらパーツが良くなっていて、うれしいです。,3
車の白い本革シートに裏側のゴムから色移りしてしまいました。Amazonを経由して問い合わせしていますが、返信もありません。このような業者は出品すべきではありません。,0
生地とようかんの絶妙な食感がすごい癖になる～ 食べ始めたら止まらなくなります!,4
落としても画面が割れない！というレビューを信じて買ってみました。 この前は、ライフプルーフのガッツリ保護するカバーを使っていたのですが、一年以上も使って割れてきたのと、無骨で可愛くないので、こちらを選びました。 クリアなタイプなので、色も綺麗です。 薄くてゴツくないカバーなので大丈夫かなと思いましたが3回ほどすでに落としていますが今のところ無傷のままです！この背面に、リングをつけて使っています。 着信や、ライトをつけると、縁が光ります。,3
２setも購入したのに全く認識しない。 こんなことなら純正品購入しておけばよかった。 安物買いの銭失いを身をもって教えられました。,0
迅速な対応ありがとうございました！ 画面がクリアで見やすいです！ ちょっと接触の悪い時もありますがそこはガラスが間にあるのでそんなものかとは思います。,2
玄関の上の通気口の上に巣を作られそうで購入。臭いが強烈とのレビューがあったけれど、そこまでとは感じませんでした。ただ、通気口に掛けたので、トイレの換気をするとその臭いがトイレ一杯になり、私の方が気分悪くなり…こんなに気分悪くなるのに、30分もしない内に鳥はやって来ました。,1
普段映画館に行く時間ないので、これで映画鑑賞することにした。普通に使える、設置にも時間がかからないし、購入を推薦します！,4
普通に使用済みのものでした。 問題と解答欄にも全て書き込みがあり、商品の説明欄と全く異なるものでした。 この出品者さんはとても危険なのでご購入を検討されている方とても気をつけてください,0
プチ旅行に行く際に飛行機で使用したかったので購入しました。 商品を家で開封した際から素材が柔らかくて使用感も良さそうというイメージのもと、プチ旅行へ持って行きましたが、この商品は当たりでした。 耳も痛くなりませんし、何より素材が柔らかくてフィット感があり、光が入って来ないので使用していた数時間を快適に休めました。,4
値段の割に音はいいです。しかし、買って4か月ちょっとで、プラスティック部分が割れた。カナル部分のゴムがすぐとれる。耳掛けタイプなのだが、耳の部分を曲げて耳にかけるのだが、それだけで、ケーブルの川の部分が痛んでしまう。音が良くても、すぐ壊れるんじゃしょうがない。よって低評価。もうこのメーカーは買わない。,0
このサイズだと、やっぱりネットでしか手に入りません。 写真通りのデザインと造りで、満足です。,4
母の日のプレゼントに送りましたが3日前に送り先に届いたのですが硬い蕾が付いていてなかなか咲きそうになかったようです… はじめの一輪が咲いたのが1週間後でその後蕾のまま落ちてしまうのがほとんどで4、5輪しか咲かなかったそうです… 母はまた来年咲くようにするねと言ってくれましたが残念です,0
お仕事で使うにはもう少し耐久性が欲しいとこ、ただリペアが効くので自分でバラせるひと直せるひとにはいいかもです。 回転スピードやトルクは安もんよりは全然いい感じです。 もう使っていませんが。。,1
電池の接触が再々悪くなり、表示が消えます。電池を付け直すと正常に使えるため、不良品にも出来ず。性能には満足しています。,1
スプレー噴霧後ノズルの先端から液だれ生じ指に付着します。改善が必要です。,0
2018年ロードグライドに取り付け安いわりにわしっかりしてます。 満足です。,4
まったく沈む気配がありません。完全に浮いてます。,0
AQUOS R3ホワイト用に注文。 商品の説明が”銀”だったので本体と同じような、ﾒｯｷではないザラザラ？な銀色をイメージして購入しましたが、実際の商品は画像のように銀メッキ風のギラギラのもので５０代男性には眩しすぎました。 カメラの周りのメッキデザインも太すぎて好かない。 収まりとかスイッチの操作フィーリングは良いので星二つ！ ネット購入ではありがちな失敗でした。,1
買って3回レンジで温めただけで電源が入らない買わなきゃよかった,0
最近ドライフードを食べていると時々飲み込みにくい様子が出て来たので購入しました。特に朝食時に飲み込みにくい様子なので、このフードのみ、もしくはドライフードと一緒にあげています。このフードもドライフードもスムーズに食べているようです。,3
コードが柔らかいので取り回しは楽です。使ってるテレビが21型なので画質や音質は良いわかりません。黒ばかりのコードの中にカラフルなモノが入るとチョット楽しいですね！,4
到着は３日程で来たけど画面はスレ傷だらけ日中の外ではムリなくらい・・フィルムかと思いきや貼って無しーからの１日目で画面の端がめくれて割れたw 繋ぎに使えただけ良しと～程度良と記載するのはどうだろうー可とか詳細画面にスレ傷多が普通でしょ無料とか差し上げますでないのだから。,0
キャンプ用として購入。簡単に切ることができて、バーナーをテーブルに置く際に使用している。 断熱性能はテストしていないが、熱で木製テーブルが焦げるような事はない。 他、小さく巻いてアルコールバーナーに使う、焚き火台の下に敷くなど、用途が多そう。 軽く収納性も非常に良いので、鍋敷きを使うくらいならこちらを使用することを勧める。,3
娘と一緒にスイミングに行ってるんですが、スイミングバックとして使ってます。,1
バスタオル1枚きれいにほせます。 スッキリします。 ダブルで干すのはまだ、未体験！,3
2本持ち歩きたくて、こちらのケースを購入しました。 趣味で革細工をしていますが、しっかりとした作りだと思います。 耐久性は、これからですが、作りがシンプルな分、修理もしやすいと思っています。 とても良い買い物をしました。,4
とあるレビューサイトで歴代TOP5に入っていたので期待してみましたがいまいちでした まさおの復活をもう少し早くしてほしかったということもありますし悪堕ちからの展開が急ぎ足すぎる気もしました。 全体的に山がない印象でした。 他のクレしん映画は楽しんでみていましたがこれは退屈でした。,1
安値だったので、薄い感じをイメージしていましたが、厚みもあり冬場には適していました。 ただ、周囲を縫っている布テープがはがれてしまったので、縫い直しました,2
タイトル通り高さがありすぎて、持ったり放してキーボードに手をやったり、という動作がしづらいため使うのをやめました。また、マウスとしても操作しづらいです。 同時に、同じくペリックスのPERIMICE-508も買ったため、そちらを使ってみてのレビューも書いてきます。,1
履き心地が良い。本当は違う色が欲しかったがサイズがなかった。,3
アドレスｖ１００はバッテリーを横置きで搭載しなければいけないので試しにこのタイプのバッテリーを購入、初期充電はしてあるが念のため自宅で充電して使用中今の処、漏れも無く問題なく使えてる後はどのくらいもつかな？,3
壊れたタンスの棚を直しました。 1日かけて乾かせばかなりの接着力。 一般の木工用ボンドよりいいと思います。,4
結構な量が入ってますのでお得感あります。使わない分は冷凍保存してますと、香りも落ちません。 やはり使うたびにミルで挽くと香りが広がりますね～。,4
二度目の購入になりますが、前回の商品は「特大（6食で１尾分）」でとても満足でした。 それで再注文し届いた商品は「小ぶり（６食で２尾分→添付画像）」と明らかに痩せて肉薄のため、小骨の食感が際立ってしまい残念でした。,0
タイトルで勘違いしてしまったけれど、内容はキルケゴールの『死に至る病』ではない。『死に至る病』、というかキルケゴールを題材にはしてるけど、舞台は日本。主人公は男子高校生。舞台設定のおかげでなんとなく読みやすくはなってるけど、キルケゴールの思想が必ずしも理解しやすく描かれているわけではない。,1
なかなか初めの電池を入れることがうまくできなかったです。画面はとても大きくてみやすくて、たすかります。 お風呂場でも安心して使える素材でよかったです。簡単に電池を入れて設定できるなら、また買い求めたいです。 ぜひ、新作を作ってください。,2
当方 身長170 中肉中背ですが このプロテクターの ゴムバンドが短すぎる！しかも膝用の 一番上のゴムバンドはマジックテープじゃなく 縫い付けてあるので 装着しづらいです。,0
リピしました。ビター75%だがちょっと甘め。初めは⁇と思いましたが、ついつい食べ過ぎてしまう美味しさです。,3
著者２名にも会ったことがあります。 自己正当化が大好きな２人です。 絶対に関わり合いにならない方がよいと思います。 この本は途中で読むのをやめました（稚拙すぎのため）,0
この夏の暑さの中、大量なお茶の買いだめに、サイズ的には良かったけど、味は他のメーカーのジャスミンより風味が薄くて間抜けなところがマイナス。味の濃さは濃いめで良いのにね。,2
割と飽きずに最後まで見れました お酒飲みながらだらだら見るのに最適です 気軽に楽しめます,3
5キロのトイプーにも若干の余裕もあって使いやすそう！匂いは新しい匂いなのかな？って感じでさほど気にならないです。,4
注文した翌日の午前中に届いたが、中古品のためか受話子機のバッテリーカバーが外されておらず、バッテリーを入れるためにカバーを開けるのに苦労した。同梱されている筈のお試しインクリボンが入っていなかった。取説は本機用のパナソニックのものに加えて、何故かSHARPの取説も同梱されていた。,2
画質も貼り心地も良く、お値段の割に良いものが買えたと喜んでいましたが、二週間ほどで割れてしまいました。残念でした。,2
この値段の割には、非常によくできている 重量も丁度いい MTだとブーツとノブの間に隙間ができるが、シフトレバーにタイラップを巻いてブーツをひっかければ解決しました,4
いちいち音量が最小になる。 ちょっと使えないかな。,1
やらせ高評価レビュー・Bluetooth 5.0ではない・1時間も充電がもたない,0
家ではwi-fiでネットにつないでbluetoothテザリングの親機にして他のスマホとbluetoothでつなぐと、ほかの端末の電池が長持ちしていいです。 SIMを入れると電池の減りがやや早くなるのと、アプリごとの消費電力がわからない、顔認証ができないので出先だと毎度アンロックが面倒といった短所はあるものの、上記のことと金属ボディで安物に見えない印象がでそれらを吹き飛ばします。,3
かわいい。 波に乗れます。 彼氏ががんがん波乗りしてました。,4
さっそく使用しましたが、高度計は結構使えました。温度計は腕にはめない状態でしか使用できません。 気圧も見れるし金額以上の代物。,4
縦型のエアコン吹き出し口対応となってましたが、愛車のと上手く合わず、運転中に振動で落ちることが何度もありました…,1
ボタンの反応がおかしく一切プレイ出来ません。 買って後悔してます。,0
冷暖房のない倉庫で仕事をしている為 薄い色だと脇汗が目立つので… 暑くなる前に試しに購入。 薄過ぎず、ゴワゴワしてなくてちょうどよかったです。しっかり張り付く為動き回っても落ちる心配はなさそうです。 逆に剥がすのが若干取りづらいかもしれないです。 これだけ入ってこのお値段はいいですね。,4
購入して半年ですが、lightning端子のほうが折れてしまい、iPhoneの中に残ってしまいました。 なんとか引っ張り出しましたが、負荷がかかったわけでもないのに折れてびっくりしました。 充電自体は問題なかっただけに残念です。,1
キャッチコピー通りに、簡単にキレイに貼ることも出来ました！今のところ問題点ありません！,4
使い始めからガッチリ形が付いていて取れない。 馴染めばいいと思う。,3
スタンドの長さを固定する器具がすでに壊れていました。これでは長さ調整ができず使えませんでした。最悪。。。,0
気になる箇所だけを、ちょっとだけ掃除するような用途には向いています。,3
2、3回使用したら壊れました。 安いだけで買って損しました。,0
私の環境ではbluetooth接続は安定しています,2
幸せとはなんだろう。医者になることか、定職に就くことか、人生は儚いよ、だから周りに惑わされず、他人の価値観で測らず、今この時を有意義に生きよう。無駄に先を案じるな、過ぎ去ったことを悔やむな、どう生きても時間は同じなんだから。そんなメッセージが込められているように感じました。故郷の夏と言うものが丁寧に描かれていて、庭木の成長、枯れた窓辺の植物、縁の下の瓦、子供達が履いている男物のつっかけ、欠けたタイル、人が増えるごとに出てくる扇風機、どれも自分が知っているものでした。人間の欲、醜いところ、脆いところ、プライド、優しさ、愛情が是枝監督によってここでもリアルに描かれていていました。,3
実物は予想以上に小さいもので、少し驚きました。性能はまだ試していません。,2
ワイヤレスイヤホン入門ということで、価格のみで購入しました。 使用用途は、ランニング時のラジオ、音楽視聴です。 価格が価格なのでさほど期待していませんでしたが、期待以上の商品でした。 もっと途切れたりするのかと思っていたらほぼ途切れることもなく 耳へのフィット感も抜群です。 ランニング時も、ずれたり、落ちそうになったりの心配もなく快適ですね。 有線この時はストレスだったズレによるノイズも無くなって今ではストレスフリーでランニングできます。 初めての購入なら、十分だと思いました,4
8月の1ヶ月間、朝に2錠飲んでいました。自転車通勤で15分、往復30分でしたが、飲んでても焼けました。塗る日焼け止めも併用してましたが、夏の日差しには勝てなかったみたいです。焼けましたがそこまで黒くならなかったので、効果はあるのかな？という感じです。,2
いつもは沸騰後、スイッチが切れるのですが購入して一ヶ月少しで沸騰してもスイッチが切れず水が空になり空焚き防止装置が働いたようで電源が切れました。もし、空焚き防止装置が働かなかった事を考えるとゾッとします。出火したかもしれないな。,0
ダイエット中にくる便秘に効きます、朝スプーンこさじ一杯昼にこさじ半分で飲んでます あの苦痛が無くなっただけでも価値は十二分にありました あとはかさついた肌に塗ってます,3
ゴチャゴチャになりがちなディスクトップですが、DVDの付いていないmacに買い換えたため安いDVDドライブを探していました。 口コミも見てmacでも問題なく動くことを確認し購入。薄いし小さいし、使う時だけつないでという使い方で問題なく使用できました。,4
使い勝手はいいのですが、中間部からは両サイド2ｃｍ幅を広くしてほしい。尿が漏れてしまいます。検討してくください。値段もはるので違う商品にしようか悩んでいます。,2
岩谷専用ガスボンベをしなければ気化熱でボンベが冷えて10分ほどで火力が落ちます 非常に便利と思いますが 量販店の安物ガスボンベでは本当に寒いときは使い物になりません 燃費を気にする方は専用のボンベをお使いください,0
音質、振動の機能、着け心地ともに◎ ただもろいのがきになります。発送されて家に届いた時点でフレームにヒビが入ってました。また使い始めて2週間程度でボキっと折れました。 負荷が多くかかるところがプラ樹脂でできているので、扱い方によると思いますが壊れやすいです。 もともともっている性能が素晴らしい分勿体ないと思いました。,2
画面一番下のホームボタン横の画面戻るをタップ時やや反応が悪いです。 画面はピカピカに見えます。,3
使い始めてから6ヶ月で充電できなくなりました。それまではちゃんと充電出来てましたし、時計の機能的にも問題なく使っていました。,0
ファミリーキャンプ用に購入。 幅も長さもゆったり。荷物置きにもなるし、ベンチにもベッドにもなります。 テンションも高く寝ても体が沈む感覚はあまりなかったです。 ただ、大きくてとても重いので、収納や持ち運びが大変です。,2
友人に子供が生まれたのでプレゼント用に購入。 デザインも７種類と多く、作りもしっかりしていました。 ただ一部で糸のほつれがあったのが残念でした。,2
以前買って気に入ってたので、今回買い足しました。やはり冬になると新しく服を買ってしまったので数が足りず。。。 ズボンをかけてみましたが、本当に滑らないないし、頑丈です！ 長さ問題なく、良かったです。大人用、子供用どちらも使ってます。,4
機械整備に使用しています。 排気管の温度、雰囲気温度も計測できるので、意外と重宝しています。 画面も見やすく、操作も簡単です。 買ってから１ヶ月、今のところ不満はありません。,3
折りたたみ傘なのに大きくてしっかり。 最初に持った時は確かに重いと感じましたが、中途半端な折りたたみ傘を買うくらいなら、この商品をおすすめします。 グリップ部分が滑りにくい素材になっています。 注意点は重さよりも大きさ。 一般的なビジネスバッグなら問題ありません。,4
商品自体は良かったが…。 間違って注文をしてしまい、 『すぐに』キャンセルリクエストをしたが「キャンセルできませんでした」とのこと。 ショップに直接連絡したかったが土曜日定休日だったため連絡できず、キャンセルできないまま発送されてしまった。,1
まず、単純に涼しくしたいというよりも服の中の熱気を飛ばす·汗で背中がベタつくのを防ぐという感覚で使えます。 前後にあるフックでしっかりベルトに固定し、給気口を確保すれば安定して風が出てきますが、リュックなど背負うと厳しいかもしれません。 夏なので気温が高いと当然温かい風が来ますが、風が流れているので背中の不快感はある程度和らぐと思います。 一番の難点は騒音ですが、これは仕方ないと割り切って弱風に切り替えるなど工夫するしかないでしょう。,2
これ、定価は308円。プライムに釣られちゃって調べず買ってしまった。送料無料のように見せるのはどうなのか…。,1
切れた電球から徐々にLED化しています 値段が手頃で買いやすく パッケージは簡素で後片付けも楽でした,4
孫は5歳なので紐が長くコマが回しにくかったです。コマの色はとても気に入ってます。まわせるよう頑張ってます。,3
測定したら、データから、自分のからだにどこから痩せることがすぐ出来る、とても便利です｡,4
Apple Watch Series 5を使っています。 Apple Watch本体が熱くなるばかりで1時間に2%ほどしか充電されません。,1
気に入って毎回リピしてまーす。包装も丁寧でとても良かったですo(^-^)o,4
高効率バルブで明るいです。欲を言えばもう少し明るければ言うことなし。,3
デザインもイメージ通りで良かった。サイズ的にもピッタリ！,3
フカフカで厚みも持続し、生後２ヶ月の赤ちゃんの頭も地面からの振動の緩和に大助かり。冬仕様でしたので、足まで包み込む物と迷いましたが、上掛けと別にできるこちらを選んで大正解でした。 ただベビーカー折りたたみの時にずれて延びてしまい、いちいち直すのは少々面倒でした,3
無双シリーズ好きだけどなんか年々キャラ贔屓酷いと思う。神格化する必要ある？ 後Switch版だと妙に重くなる時が有ると思う 動きがかなり遅くなったりカクカクしたり。 正直シナリオも微妙かな(｡-_-｡) まぁ其れでも無双シリーズがまだ好きなので今後の期待も込めて星3で,2
親戚の結婚式があり色々探していた時にこの商品に決めました。良い商品です、ありがとうございました。,4
届いた商品に不具合があり、使用できませんでしたが大変丁寧なご対応をしていただきました。 保証もしっかりとあるようなので安心できると思います。,3
音質は純正と比較してあんまり変わらないにしても、ザーというノイズが酷すぎる レッサー音声アプリも試してみたが変化なし,1
防水性限りなく少ない。履いたら吸い込むのに時間がかかった。防水性能を確かめてから試しに買う方が安全。 デザインは可愛いので星3つ、残りふたつは性能が残念だったのでごめんなさい…,2
サイズ感や使い勝手はかなりいいと思います。定期やカードも入れる場所を使い分けが出来て便利です。ただ革が100均みたいな素材なので、安物感があります。それを気にしないなら使いやすい商品です。,1
楽しみにしていたシフトノブですが、開封してみると付属品であるネジ２本、クッションテープの姿がどこにもありませんでした。装着する際にバリが…とかいう問題ではなくそもそも足りていない。私は休日を、取り付け作業を終え楽しい気分で過ごすはずでしたがどんよりと沈んだ気分で過ごさなくてはならなくなりました。開封済みのため返品というわけにもいかないのでしょうかね…使用感の評価でないのですが、こんなことも起こるのだということはどんな商品購入時でも想定しておき、私のようにひどく落胆しないよう皆様はお気を付けください。,0
コンセプトと構成は悪くないし実際良くできてると思うがなぜかつまらない。。。 作り手側に平均以上の感性はあるようだがそこそこのスタイリッシュなセンスの表面的な自己満足だけに終わってるような感じがする。見苦しくてもダサくてもいいから何か本質的な一線を超える何かを見せて欲しいと思うのは今のテレビドラマには無理な注文なのか？。。。,1
立ったまま足裏を洗える便利アイテムですが、樹脂のにおいが気になります。,2
なんかよけいにかゆくなったきがする。カウブランドのジャンプんとかのがいい,1
友人の一人にプレゼントとして購入。赤と黒のコントラストが雰囲気を演出してくれる感じが気に入りました。,4
子供にも安心のイカリジンです。 エタノールが入ってるので敏感な人は気をつけた方がいいかもしれません。 細かいミストではなくバシャッと出るので手で塗り広げて使います。 小分け容器に入れて持ち歩き用にしてます。,3
シールしか簡単かなと思えば、クロス張替えしか楽でした。 商品自体に問題はありません。 柄合わせが難しいですね。,3
このクリームをつけるとはねていた髪がおとなしくなります。 私はとても重宝しています。つけすぎると少しベタっとなり脂性の方の髪になるので星4です 量によるので自分に合った適量をつけるととても楽に朝のヘアーを整えることができます,3
清涼飲料水に特保マークがついてしまうこの日本でも同じことが言えます。 日本だから安心安全・・・ではないのです。 自分の身を守るのは自分だけです。 食について正しい知識を付ける。テレビや雑誌の流行りに振り回されがちな日本人はなおのこと、ですね。,4
全体的にはとても満足しています。ただし、臭いがなかなとれません。これは重要な評価項目と思いますので、厳しめですが星３つとしました。,2
キャンプする事が多く、外出の際に使っています。 空気を口を使わずに入れたり抜いたりできるので非常に便利です。 素材も申し分ないのですが、厚みがあるためカバンに入れて移動する場合などには向いていないです。,2
バキュームといえるほどのホールではないです！口元がゆるすぎてローションだだ漏れ状態。 ほかのフェラオナホが良いかと思います。,0
姪が以前使っていたものが断線したので、 姪自身がこれを選んで購入しました。,3
コンパクトなのがとても気に入ってます。値段が高いのが、マイナスにしてます。,2
グリップ杖に対して垂直でないのですぐに手が痛くなりました,1
最初に届いた商品が、冷風モードが使えず。問い合わせたところ、すぐに新しい商品を送って頂きました。 新しいものは問題なく使用できています。対応もとても早く（連絡したその日にご返信頂きました）、全体的には満足しています。,3
ハズレを引いたのかは分かりませんが 右スティックを左に傾けてもあまり反応しなかったです,1
つけた瞬間にひんやりとして気持ちいいのですが、なんせ細い。。。装着できますけど、ストッキングのように薄く、ピッタリなので外すとき気を付けないとやぶれそうです。かなり痩せてる方なら問題ないと思います。 ちなみに、薄手のTシャツの上から着用しましたが、生地の厚いものだと服の上からは無理かも。,2
使い心地の良さや香りも気に入って使っていましたが、今回のは匂いが変わっていて、残念ながら、使えませんでした。是非、また元の優しい香りに戻して頂きたいです。,1
軽いけれど、なかなかミルク冷えないのであまり使わないです。携帯用にしてます。,2
6s plasとかいてあるのに、6sがとどきました。 くやしいです。,1
これがあればたいていのことが出来ますね。角材のカットもゲージで正確に角度が付けれる。 便利過ぎて日曜大工には手放せない。,3
本当に誰でも簡単にプログラミングできます 色々なセンサーがあるのがいいです。,4
髪の毛や肌は赤ちゃんにも触れるから「赤ちゃんにも使えるシャンプー/コンディショナー」が良いだろうと思い、出産直後からラインで使用し始めました。 詰替え3本分ほど利用しましたが、襟足に痒みが出るようになり、湿疹とフケが見受けられるようになりました。 季節の変わり目だからか…と、使用し続けていた所、痒みは頭頂部まで広がり、シャンプーから数時間でムズムズとするようになりました。 元々、脛や背中に粉を噴く位の乾燥肌だった事もあり、キュレル製品は他にも使用していたのですが、こちらのシャンプー/コンディショナーは合わなかったようです。 顔面にも吹き出物ができ、外出するのが恥ずかしい位の赤ら顔になってしまいました。,1
思っていたよりもサイズが大きかったですが、この、値段であれば十分だと思います。ありがとうございました。,3
・金属の棒かと思ったら、台紙に金属っぽく塗装されたもので頑丈さは皆無。作る途中に1本折れた。腕で折れる。 ・連結部の穴は棒よりも少し小さいから、木槌使わないと女性じゃ辛い。体重かけて1本ずつ嵌めないと出来なかったため、2時間も出来るのにかかった。 ・ひとマスに20キロは怖くて試せない また、穴から棒を外すのに相当力がいる上、連結部が曲がって白くなりやすい。解体には向かない。 ・見た目は子供の玩具みたいな安さ。2000円はちょっと高い ・かべ、底のビニールは丈夫そう,0
助手席側ドアをぶつけて少し凹んでしまったので修理するために購入。 本日到着して早速やってみましたが、簡単に目立たなくなる程度には治せました。 今後もう少し時間をかけてキレイにしてみようと思いますが、そこまでやろうと思うと結構手間がかかりそうです。,3
使いやすさはバッチリ！しかし埃がいまいち取れません。,1
ノイズが酷すぎる。 信頼性が高いとかレビューであったが嘘。 みんな騙されんなよ。犠牲者がこれ以上出ないように。 ここまでくるとAmazonのレビューの信用性を疑う。 純正買おう。,0
青系統と白が付かなかった｡ リモコンの青を押しても全く付かないし白を押すと赤が付く、緑に関しては全て同じ色だった｡本当にRGBなのか？ 不良品にしか思えない商品！,1
頚椎に問題があって疲れやすいのです。首がしっかり温められます。薄手なので内側につけていても違和感はありません。着脱の便利性には文句なし！,4
キーボード自体は同僚が使っていたこともあり、ある意味想定通りで、仕事で使うのにとっても便利です。キーのストロークはあまりないですが、タッチは良く欠点はあまりなさそうです。ただし他のレビューにもあるようにかなり重量感があり、気軽に持ち運ぶことはできないと思いますので、使用頻度の少ない方にはオススメしません。また商品とは関係ありませんが、2万する商品がメール便、ポスト投函で非常に驚きました。カート投入時にそのような表記はなく、宅配便で来ると思いずっと家で待っていましたが、連絡もなくまさかポストに投函されるとは。いろんなecを利用していますがこんな雑な配送は初めてで非常に残念です。ポストに投函できるような小さめの高額品はamazonで購入しないことをオススメします。,2
変形ギミック、千葉さんボイス、付属品によるプレイバリュー、どれを取っても素晴らしい！ですがラメ入りのパーツが主に紫パーツが多いせいか変形ので使うピン、ロック、ヒンジの白化がしやすく多いのでやっぱり少し気を使って遊んでしまいます。それ以外はとても良いです！,3
冷風スイッチがあるのでセットしやすいです。コストパフォーマンス高く満足しています。強いて言えば風量小の時の温度がもう少し高いと完璧。,3
全然使いやすくて最強でした！ この価格ならベストです！,4
電源を切って再度入れると 都度ペアリングが必要です 何か間違えているのかも 知れませんが、説明書は 日本語が無いので分かりません,1
結構筋肉痛になるくらいです！ 腹筋ピンポイントで使ってます。 小さくて持ち運び用のケースもあるので出張先でも使いたいですね。,4
迅速無事に届きました。ありがとうございます。 遠近両用でどちらもハッキリ見えてとても便利です,3
引っ越しをして、コードレス掃除機を色々検討してこのスティッククリーナーを購入しました。軽くて小回りがきき、すごく使いやすいです。吸引力は引っ越し前使っていたキャニスターと遜色ないです。それよりも取れたゴミが見える分もっと吸っている気がします。うちは、3LDKのマンションですが、強で使用しても充電は全然持ちますし、吸引力も申し分ないです。とても、満足な買い物でした。,4
軽くて履きやすく歩きやすいです。ふだんは23・5を履きますが、インソールを入れることを予想して24センチにしましたが、インソールなくてもぴったりで足がいたくないです。 紐はゴムで楽チンです。,4
商品も履きやすく、購入してよかったです 迅速に配達していただきました。,3
センサー側の説明を記載してください ライトにはなにも問題なしです あと調整が難しい,2
期待外れの作品でした。最後まで読む気になれず先が みえてしまうので 知人にあげました,0
外気は、防げません。うまく貼ることができません。切り口に傷が入るとそこから破れます。追加での購入はしません。,0
A4サイズが入るリュックを探していたが、少し大き過ぎた。,1
商品の作りもいいしガラスも透明度が高いし物はいいと思うのですが前面ガラス内に気泡が入ってました、残念。,1
結構、大きいのですね… 長さは約24センチあります。 パック容器からユニコーンボトルへの詰め替えに使いたかったので購入しました。 ですが、もう少し小さいのが欲しかったので他のモノを買い直しです。 品質は、価格相当ですが問題なく使えると思います。,2
薄い線キズなど気になって簡単に隠せるものないかなと思い値段も手頃だったのでこちらの商品を購入 正直拭くだけで綺麗になんかならないだろと思って洗車した後気になる所を拭いてみると思った以上に きずが目立たなくなりびっくりしました。 キズの深さや車の色にもよると思いますが私の車には相性よかったのかなと思いました！ 試しに購入して思った以上の効果に大変満足しています。ちなみに私の車の色は茶色系です。,4
カバー裏地がタオル生地だったので購入。ただ、本体の傘は、思いのほか小さく感じたのに、ちょっと重い。,1
夜寝ている時にトイレに行きたいが電気つけるのは眩しい、って事で足元が軽く見える程度の電気を探していました。 リモコンもあるので購入しましたが。 リモコンで操作できる範囲が1メートルちょいくらいです。 リモコンがあるのに好きなとこもにつけれません。 明るさは写真で見たまんまに近い感じで撮りました。 暗いですが足元は見えます。 色もアンバーと白と切り替えと明るさも調整できます！ 少し惜しい商品でした。,2
このデザインが気に入ったので購入しました。充電する時に便利です。扇風機の色も思ったより綺麗てにおいて満足です。配送は滞りなくすぐに届きました。,4
歯みがき後のご褒美、2才の息子がぐずって歯を磨かない時に、そのまま寝るよりいいと思い使用してます。フッ素入りがいいですね。,3
アルファ社のと比べると、ごわごわ感があります。がさがさとやかましい。,2
低価格なのでちょっと不安だったけど取り付けの簡単な事、明るさ、切り替えなど何も問題なく使えました！あとは耐久性ですね,3
リモコン操作星４つは、ケースから出さないと操作が出来ないからです。ですのでケースに入れた状態でのリレーアタックは不可能と言う事です。,3
使用する上で問題はないのですが、+ -を調整する蓋がすぐ取れます。何かしらのもので接着した方が良いでしょう。,3
目次を索引として利用でき便利。奏法については初級対象で物足りないです。,2
センタープラグの先端の金属が飛び出ているので、接続する際にマイナス側にあたらないように差し込む必要があります。作りはしっかりしているのでプラグの先端の改善されるとさらに良いかと。,2
人生のバイブルみたい。 あちこち付箋だらけです(笑) とても良い本だと思います。,4
sparkを持って撮影場所に移動するのに純正のケースじゃ不安だったのでこちらを購入。 見た目はカーボンケース風でカッコいいです。 チャックも防水機能が付いているようでしっかりしています。草葉の中を移動中に葉についた水滴とかからガード出来るのは心強いです。 ケースの中には固定用のウレタンフォームで仕切りがしてあり本体、バッテリー、送信機、アダプター、充電ドックなどサクサク入れる事ができます。 蓋側にも小物を入れておくネットが付いていてケーブルや小物類を入れておくのに便利です。 さて、気になった点をいくつか。 本体を入れる場所ですが、プロペラが付いたままだとプロペラ周りがかなりタイトになってしまいます。ウレタンフォームが当たるとところをカッターなどでうまく削ればいいのですが あと、ウレタンフォームの可逆剤のせいなのかプロポの背面のシリアルなどが書いてあるシールのインクを侵すようです。気になる方は予め養生しておくのをオススメします。 あと結構キツ目のケミカル臭がします。,3
なんだかコマンドは増えていくものの、単純作業で飽きる。途中で投げ出して売りました。 好きな人はハマれるんだろうけど。,2
道路等への投射に関しては全く問題有りません。格好良いと思います。 ただ、フィルム部分が熱に弱く、夏に炎天下に車を駐車し車内温度が高くなると、フィルムが溶けてしまうようです。フィルム以外はなんの問題も有りません。今回の購入は、３セット目です。このため、星３つとさせていただきました。よいものなので、大変その部分だけが残念な点です。フィルムだけの販売が有ると有り難いのですが。,2
説明書はなく、YouTubeで修理動画を検索して直しました。 最初は任天堂の公式に修理に出そうと思っていましたが、「直してもスグにダメになりやすい」とか「送料＋修理費を考えたら断然安く済む」意見を見て、不安でしたがこちらのキットを頼んでみました。 結果、スグに届くし、修理も動画を見ながらその場で直せたので(今の所問題なし)早くゲームが出来るようになった子供達も大喜び!! こちらを選んで良かったです。,4
純正のコントロールが壊れてレビューを見て購入しました。 難しい接続作業等なく簡単に繋げました。 今のところ問題ないです。,2
初心者用です。 内容は大したことありません。 お金払うなら、最初は敷居が高くともマッキンゼーの方が良いと思います。永久保存版です。,1
ベンチプレスの板部分が弱い感じ。 でも、まだ壊れてません。,2
商品が到着してワクワクしながら箱を開け、白く濁った色の袋の中にフクロウが入っていてその時点でフクロウが分割されてるんだな。と感じただけで袋を破ってフクロウを出してみると断面の形状からして折れてるよねこれ。 それに他の方のレビューに添付された写真をみるとフクロウは一体になってることを確認しました。 瞬間接着剤で応急処置して、泣き泣き使用することにします。 箱に衝撃を加えたり乱雑に扱った覚えはさらさらないので、非常に残念です(>_<) 今後こういった被害に遭う人を減らすためにもフクロウが折れやすい材質なら、もっと慎重に扱い破損しにくい梱包にしてほしいです。,1
一体これはいつ使うのか。これはおそらく野外での使用で本領を発揮すると思うのです。屋内にいれば使う必要はないかと。ただ、軽くて薄いので万一の為に旅行の際にスーツケースに忍ばせておくと安心かも。,1
詐欺商品です 1.2mでした 2本購入したががっかりです,0
久しぶりにビデオカメラを買い換えました．孫を連れて海水浴，首からカメラをぶら下げて海の中で一緒に遊びながら，ときどき撮影することができました．水に浸かっても，水や砂で汚れた手でも安心して操作できるのが，とてもよかったです．帰ってから水洗い．再生，画質にも満足，ズーミングするとき毎回カメラが揺れていました．TVを買い換えるまでは４Kではなく，フルハイビジョンでの撮影になります．,4
説明では、マイクロＳＤカードが 32Ｇまで対応とありますが、実際は 24Ｇ未満じゃないと正常に作動されずカードを入れてくださいと表示されます!!! 24Ｇ以下だと問題なく作動します。,1
医者に処方された薬が時々掲載されていないことがあるので。その点少々不満足です。 内容はかなり充実しているっと思いますがもう一息といった感じです。,2
3ヶ月も経たないうちに壊れました。充電もできずボタンも反応しません。 中国製でもコレはハズレです。購入されないことをオススメします。 確実に長持ちしません！お金をどぶに捨てたい人むけ！,0
品があって、どこにでも置けて良かったです。 屋根があるのでホコリが気になりません。 一輪挿し？が小さ過ぎて使えませんが。,4
微妙にサイズが小さいので、端のところが心配,3
5.0お店で色んなブランドの商品を聞き比べた時に、これが1番音質が良かったのですが、重低音、耐久性をコンセプトとしているので音質はこだわりがないのかと不安でしたが、実際音もよく、レビュー評価も非常に高いのでこれに決めました。臨場感の高さは価格の割に素晴らしい。基本ロックを聴くことが多いので、大満足です,4
しっかりしていて色も可愛く選んで良かったです 柄もかわいかったです,4
到着等は遅れもなく、梱包も丁寧でした。着用してみてそれなりの保温力が有ることは確認しました。あくまでもインナーとしてであればそこそこ良い品です。 ただし購入後現時点で「フロントファスナー」が駄目になりました。中華の各メーカーさんにお願いがあります。多少高くなっても世界の「ＹＫＫ」ファスナーを使用して製作してください。ファスナーが逝かれたのでゴミとなります。もったいない・・・・。 以上,1
iCOSのオンラインショップの倍ちかい値段ですよ、儲けすぎです。,1
パワーが低い。 バリカンの方が良いです。,1
ターゲットと似たような構成で、ターゲットと同じような感覚で使えるので使いやすいです。 最低限のことが書いてあって、情報が詰まりすぎていて見づらいということもなく、良い感じです。,4
使用する量が少なくて長持ちしてます。 効果の方は・・・？ もう少し続けてみようと思います。,3
家内用として2箇月前に買ったパジャマです。 サイズ・色合い・風合いも良く、家内も気に入っていたのですが、このところ、布地の縫い合わせ部分にほつれが生じ、（見掛け上）孔が空いたような状況が複数箇所で発生しています。修繕に心掛けていますが、「新品なのに、不都合発生が早過ぎない？」と不満に思っています。 よく観察した結果、縫い合わせ部の縫い代の幅が「極端に」狭く、かつ、「布の裁断部（端部）にほつれ止めがされていない」ことが主原因であろうと考えるに至りました。 とりあえずは自家で補修するつもりですが、今後の購入を検討される方に「お知らせしておく必要がある」と考え、レビューを投稿することにしました。 不都合な投稿でも掲載するフェアな会社であって欲しいと思い、レビューを書きました。 これが公表されるようであれば、次も貴社製品を購入することでしょう。,1
こちらが思っていた通りのものが届きました。 アマゾンでの注文時に表記する内容などなしで注文ボタンを押すのは不安ですが、その後メールでやりとりしてこちらが思っていた通りのものが届きました。 メールにさえ気を付けていれば早く届くと思います。 字体は表札向きのものなのでしょうが、もう少し字体を増やして欲しいと思いました。,4
価格も安く配送も早く良かったです。ただ1つ残念なのは大きさが思ったより小さかった。,3
ちょっと水もれしてる気がするけど全然いいです,4
半世紀近くも生きていれば、いろんなことがあります。 それらを美化することもなく、卑下することもなく ありのままに話してくれる一冊です。 久しぶりに会った友人と語り合う気分で、どうぞ💕,3
スマホのusb-cに直接差し込み認識。読み書きも早い。 キャップがやや緩いが機能は申し分ない。 microSD差し込みはプッシュ式でかなり奥まで入るので、 いざ落としたときなどの不安は拭える。,3
入っているはずの部品が1種類入ってなかった。 入っていない部品のみの再発送が出来ず、再度購入してから必要な部品だけを取り除き他は返品をと言われ、面倒だったから別の商品を購入した。発送する前にﾐｽがないかどうか再確認して欲しい。,1
音量は勝手に変えられ、動画は飛ばされる、そして雑音だらけなので、買わない方がいい。,0
けつあつそくていきのうはいいかげん。じゅうでんきのうがすぐにだめになった。,1
パソコン内蔵で使用していましたが、壊れました。全く読めない、クローンもできない、Unix系クローンもできない、Windowsで認識できない状態になりました。送料こちら持ちでWDに送り返して、使えるものを送ってもらいました。,1
サイズも良く良い感じで貼れました。見え方も、タッチも良くそこそこ満足していたのですが…貼った次の日に5cm程度の高さからカギを1本落とした(というか触れただけに等しい…)だけでヒビ&パキパキ状態に… こりゃ万が一スマホ落とした場合の保護効果も全く望めませんね。 これを貼っても意味が無いと思うので購入はオススメできません。,1
確かに濡れません‼️ その代わり蒸れるしロボコン？みたいだし…😑 笑いは獲れますよ❗ 後、鉄板(マンホールetc)はよく滑るのでご注意下さい🙇,2
ホットヨガで使っています。 安いだけあって、5回しか使ってないのに もう表面がポロポロしてきました。 うーーん、やっぱり値段相応ですね。 残念です。 次回はもっと高くて壊れないものを購入します。,1
子供が自分で着ようとすると大概前後逆に着てしまいます。 有名どころは背中にブランドロゴがありますが、こちらは無し。また肩のボタンを留める側もそれらとは左右逆なので、習慣づいていると尚更間違えて着てしまいます。 前後を判別させる方法を教えようにも、一度合わせて襟元が深い方が前、というだけでは2〜3歳児には難しい過ぎです。,1
使い方がよくわからないし子供が入らない。買って損した、レビューには簡単に出来ると書いていたので購入さしましたがわたしには合いませんでした。,0
イヤホンヘッドはほぼ画像と同じですが、もっと小さいっていう感じです。機能性よりもデザイン重視で選びましたが、音質もなかなかいいです。 シンプルなデザインなので服にも合わせやすいです。値段が安いからといって特に何も不便な点はなく、むしろこの値段を踏まえればかなり安いかと思います。音質もよく、充電も長持ちします！値段の割にすごく良い商品でした！,4
平成ゴジラシリーズの第一作となる作品。 ただ、次作のビオランテに出てくるゴジラの容姿が思いっきりかわるけれども・・・・ ビオランテからの作品と比べると、意外と人が燃えたり死んだりというダイレクトなシーンが多いなぁって感じました。,3
3日で壊れました。見た目もおもちゃみたいな感じなので、買って後悔しました…,0
どうしてもecho plusと接続出来ず、全額返品となりました。カスタマーセンターの方曰くAmazon.comとAmazon.co.jpのアカウント結合が原因の可能性があるとのことでした。楽しみにしていただけに残念です。,1
全部使ってから1週間くらいで充電できなくなりました,0
みなさんが書いていますが根本かな？ 問題がある商品です,0
気に入った点 ・暖かいタオルで少しお肌を温めてから適量を手のひらに広げてなでるように顔全体をマッサージしたら 冷たいタオルで冷やす感じで軽く拭き取れば驚くほどしっとり。 ・抜け毛などには指先に少量を取って地肌にすりこみ頭をを蒸しタオルすると髪がとてもつやつやしてきます。 勿論抜け毛も収まります。 気に入らない点 ・臭いが嫌い・ ・かなりべたつく。でも良い点ン方が勝っているから我慢して使える。 ・少し温めないと使いにくい。,3
金額が金額なのですが、やはり耐久性が低いですね。 明るさはそれなりですが。個数入っていても一日持たないものがほとんどで 結局違うLEDを購入せざるおえなかった。自分は原付のメーター球に使ったのですが なんども交換しました,1
仕事の中、携帯電話を使えないで(運転中)この間商品を購入しました、家族の電話も一本も逃した、大満足でした、商品は音質がいいし、内蔵バッテリーが長持ちでした、音楽が長く聞いても問題ないです。,4
中国産の並行輸入品。 多分骨の部分は凝縮された紙？みたいな素材で折れやすいのか、届いた時点で骨が折れていた。 初めての凧揚げを明日に控えた娘を裏切るわけにもいかず返品も諦め、 なんとか爪楊枝で修復したけれど、売り物なのだから良品を作って欲しい。,0
友人のリクエストで離乳食が始まる頃にプレゼントとしてこのブレンダーを購入しました。お粥のすりつぶしですが、一瞬で完成したそうです。私も子供が居ますが離乳食を作るのはとても時間がかかり、大変な記憶しかありません。それが一瞬で出来るなんて、、、私も離乳食の時に購入しておくべきだったかなと思いました。これからみじん切りなども試してみるそうです。他にも、幼稚園の子には、バナナジュースとハンバーグを作ったそうです。子供には出来る限り手作りのもの食べさせたい、だけど手間がかかったりする、その手間を少しでも軽減させるのにはとても便利だと思いました。,4
黒を注文し、4日後に届きました。普段iphone7を使用していますが、ケースを付けなければ出し入れはスムーズにできると思います。閉める時に少し手こずりましたが慣れれば問題ないです。タッチやスクロールもちゃんと反応してくれるのでお風呂の中でもイライラせず使えました！笑カメラ機能も問題なし。ただ透明ビニール部分に指紋や傷がつきやすいので、保管場所や取り扱いは慎重にした方が良いかもしれません。ですが、紐もついてるしこの値段にしては十分な機能だと思います！,4
王子が育っていくのが今後が楽しみだストーリーもよくできていた,3
よく考えたら１００g（約3人前）＝1200円 １杯400円でした。 よく考えるべきでした。,0
写真とは別物の謎の缶が届きました これ本物ですか？,0
マーベルの中にもお笑いがあるとは知らなかった デートに行くには難しそうなので-1 一人で見るなら5,3
レビューもみて、しっかり調べて首振りを選択したはずが首振らない商品でした。 蛇口に設置してから気づいた(というか思い出した)ので、返品は諦めました。 水の味については正直変化がわかりません。 存在感がありせまいシンクがより窮屈に… 首さえ振れれば… さらに非濾過の直接の水道水がシャワーでしか使えないので直接の水道水を容器の細い口に注ぎたい時などシャワーでしかでないので、面倒かつこぼれて水が無駄になります。 まぎらわしいホームページと使い勝手の悪さから★下げました。,1
袖が長く、暖かそうに着ていました。脱がすのは大変かと思いましｔた、やってみたら簡単に脱がすこともできました。,3
今回届いたものは表面にかすり傷のあるものでしたが、見た目に高級感がありコスパがよく全体的には満足しています。やっぱり本革はいいですね。ツートンカラーもいい感じです。 最初匂いがきつかったのですが、二、三日様子を見たところ、匂いも気にならなくなりました。 ただカードを各ポケットに入れた場合、お札の枚数が多いとやや閉まりにくいので、普段カード決済で現金をあまり持ち歩かない方に向いていると思います。 (特に小銭入れはそこまで量が入らないので・・・) 大きさは女性雑誌モアの2019年11月付録（ジルスチュアートのミニ財布）と同じくらいでした。,3
雑誌等で紹介されているので購入。 使ってみて、正直そこまで効果は感じませんでした。 グロス状の薬用リップを塗って、ラップパックした方が良いかも知れません。 また、3週間ほどで中の液体がなくなってしまいました。 きちんと蓋を閉めていたのに残念です。 毎日使う場合は大容量が良いと思いますが、週2～3回ぐらいの場合は個包装にした方が結果お得かも知れません。 あと、1枚ずつ取るのが難しかったです。,2
